date,fuel_type,price,data_file
2012-05-04,DIESEL,1.035,http://www.fuelprices.gr/files/deltia/EBDOM_DELTIO_04_05_2012.pdf
2012-11-02,DIESEL,1.491,http://www.fuelprices.gr/files/deltia/EBDOM_DELTIO_02_11_2012.pdf
2012-11-09,DIESEL,1.46,http://www.fuelprices.gr/files/deltia/EBDOM_DELTIO_09_11_2012.pdf
2012-05-04,GAS,1.941,http://www.fuelprices.gr/files/deltia/EBDOM_DELTIO_04_05_2012.pdf
2012-11-02,GAS,1.39,http://www.fuelprices.gr/files/deltia/EBDOM_DELTIO_02_11_2012.pdf
2012-11-09,GAS,1.39,http://www.fuelprices.gr/files/deltia/EBDOM_DELTIO_09_11_2012.pdf
2012-05-04,SUPER,1.606,http://www.fuelprices.gr/files/deltia/EBDOM_DELTIO_04_05_2012.pdf
2012-11-02,SUPER,1.944,http://www.fuelprices.gr/files/deltia/EBDOM_DELTIO_02_11_2012.pdf
2012-11-09,SUPER,1.902,http://www.fuelprices.gr/files/deltia/EBDOM_DELTIO_09_11_2012.pdf
2012-05-04,UNLEADED_100,2.079,http://www.fuelprices.gr/files/deltia/EBDOM_DELTIO_04_05_2012.pdf
2012-11-02,UNLEADED_100,2.026,http://www.fuelprices.gr/files/deltia/EBDOM_DELTIO_02_11_2012.pdf
2012-11-09,UNLEADED_100,2.014,http://www.fuelprices.gr/files/deltia/EBDOM_DELTIO_09_11_2012.pdf
2012-05-04,UNLEADED_95,1.863,http://www.fuelprices.gr/files/deltia/EBDOM_DELTIO_04_05_2012.pdf
2012-11-02,UNLEADED_95,1.765,http://www.fuelprices.gr/files/deltia/EBDOM_DELTIO_02_11_2012.pdf
2012-11-09,UNLEADED_95,1.733,http://www.fuelprices.gr/files/deltia/EBDOM_DELTIO_09_11_2012.pdf
2013-03-15,DIESEL,1.462,http://www.fuelprices.gr/files/deltia/EBDOM_DELTIO_15_03_2013.pdf
2013-03-22,DIESEL,1.455,http://www.fuelprices.gr/files/deltia/EBDOM_DELTIO_22_03_2013.pdf
2013-03-29,DIESEL,1.454,http://www.fuelprices.gr/files/deltia/EBDOM_DELTIO_29_03_2013.pdf
2013-04-05,DIESEL,1.457,http://www.fuelprices.gr/files/deltia/EBDOM_DELTIO_05_04_2013.pdf
2013-04-12,DIESEL,1.443,http://www.fuelprices.gr/files/deltia/EBDOM_DELTIO_12_04_2013.pdf
2013-04-19,DIESEL,1.409,http://www.fuelprices.gr/files/deltia/EBDOM_DELTIO_19_04_2013.pdf
2013-04-26,DIESEL,1.392,http://www.fuelprices.gr/files/deltia/EBDOM_DELTIO_26_04_2013.pdf
2013-05-03,DIESEL,1.39,http://www.fuelprices.gr/files/deltia/EBDOM_DELTIO_03_05_2013.pdf
2013-05-10,DIESEL,1.392,http://www.fuelprices.gr/files/deltia/EBDOM_DELTIO_10_05_2013.pdf
2013-05-17,DIESEL,1.396,http://www.fuelprices.gr/files/deltia/EBDOM_DELTIO_17_05_2013.pdf
2013-05-24,DIESEL,1.402,http://www.fuelprices.gr/files/deltia/EBDOM_DELTIO_24_05_2013.pdf
2013-05-31,DIESEL,1.404,http://www.fuelprices.gr/files/deltia/EBDOM_DELTIO_31_05_2013.pdf
2013-06-07,DIESEL,1.405,http://www.fuelprices.gr/files/deltia/EBDOM_DELTIO_07_06_2013.pdf
2013-06-14,DIESEL,1.403,http://www.fuelprices.gr/files/deltia/EBDOM_DELTIO_14_06_2013.pdf
2013-06-21,DIESEL,1.403,http://www.fuelprices.gr/files/deltia/EBDOM_DELTIO_21_06_2013.pdf
2013-06-28,DIESEL,1.405,http://www.fuelprices.gr/files/deltia/EBDOM_DELTIO_28_06_2013.pdf
2013-07-05,DIESEL,1.407,http://www.fuelprices.gr/files/deltia/EBDOM_DELTIO_05_07_2013.pdf
2013-07-12,DIESEL,1.423,http://www.fuelprices.gr/files/deltia/EBDOM_DELTIO_12_07_2013.pdf
2013-07-19,DIESEL,1.431,http://www.fuelprices.gr/files/deltia/EBDOM_DELTIO_19_07_2013.pdf
2013-07-26,DIESEL,1.435,http://www.fuelprices.gr/files/deltia/EBDOM_DELTIO_26_07_2013.pdf
2013-08-02,DIESEL,1.43,http://www.fuelprices.gr/files/deltia/EBDOM_DELTIO_02_08_2013.pdf
2013-08-09,DIESEL,1.428,http://www.fuelprices.gr/files/deltia/EBDOM_DELTIO_09_08_2013.pdf
2013-08-16,DIESEL,1.423,http://www.fuelprices.gr/files/deltia/EBDOM_DELTIO_16_08_2013.pdf
2013-08-23,DIESEL,1.434,http://www.fuelprices.gr/files/deltia/EBDOM_DELTIO_23_08_2013.pdf
2013-08-30,DIESEL,1.444,http://www.fuelprices.gr/files/deltia/EBDOM_DELTIO_30_08_2013.pdf
2013-09-06,DIESEL,1.458,http://www.fuelprices.gr/files/deltia/EBDOM_DELTIO_06_09_2013.pdf
2013-09-13,DIESEL,1.466,http://www.fuelprices.gr/files/deltia/EBDOM_DELTIO_13_09_2013.pdf
2013-09-20,DIESEL,1.458,http://www.fuelprices.gr/files/deltia/EBDOM_DELTIO_20_09_2013.pdf
2013-09-27,DIESEL,1.433,http://www.fuelprices.gr/files/deltia/EBDOM_DELTIO_27_09_2013.pdf
2013-10-04,DIESEL,1.422,http://www.fuelprices.gr/files/deltia/EBDOM_DELTIO_04_10_2013.pdf
2013-10-11,DIESEL,1.421,http://www.fuelprices.gr/files/deltia/EBDOM_DELTIO_11_10_2013.pdf
2013-10-18,DIESEL,1.417,http://www.fuelprices.gr/files/deltia/EBDOM_DELTIO_18_10_2013.pdf
2013-10-25,DIESEL,1.415,http://www.fuelprices.gr/files/deltia/EBDOM_DELTIO_25_10_2013.pdf
2013-11-01,DIESEL,1.395,http://www.fuelprices.gr/files/deltia/EBDOM_DELTIO_01_11_2013.pdf
2013-11-08,DIESEL,1.391,http://www.fuelprices.gr/files/deltia/EBDOM_DELTIO_08_11_2013.pdf
2013-11-15,DIESEL,1.394,http://www.fuelprices.gr/files/deltia/EBDOM_DELTIO_15_11_2013.pdf
2013-11-22,DIESEL,1.397,http://www.fuelprices.gr/files/deltia/EBDOM_DELTIO_22_11_2013.pdf
2013-11-29,DIESEL,1.411,http://www.fuelprices.gr/files/deltia/EBDOM_DELTIO_29_11_2013.pdf
2013-12-06,DIESEL,1.418,http://www.fuelprices.gr/files/deltia/EBDOM_DELTIO_06_12_2013.pdf
2013-12-13,DIESEL,1.417,http://www.fuelprices.gr/files/deltia/EBDOM_DELTIO_13_12_2013.pdf
2013-12-20,DIESEL,1.413,http://www.fuelprices.gr/files/deltia/EBDOM_DELTIO_20_12_2013.pdf
2013-12-27,DIESEL,1.417,http://www.fuelprices.gr/files/deltia/EBDOM_DELTIO_27_12_2013.pdf
2013-03-15,DIESEL_HEATING,0.939,http://www.fuelprices.gr/files/deltia/EBDOM_DELTIO_15_03_2013.pdf
2013-03-22,DIESEL_HEATING,0.939,http://www.fuelprices.gr/files/deltia/EBDOM_DELTIO_22_03_2013.pdf
2013-03-29,DIESEL_HEATING,0.939,http://www.fuelprices.gr/files/deltia/EBDOM_DELTIO_29_03_2013.pdf
2013-04-05,DIESEL_HEATING,0.939,http://www.fuelprices.gr/files/deltia/EBDOM_DELTIO_05_04_2013.pdf
2013-04-12,DIESEL_HEATING,0.899,http://www.fuelprices.gr/files/deltia/EBDOM_DELTIO_12_04_2013.pdf
2013-04-19,DIESEL_HEATING,0.865,http://www.fuelprices.gr/files/deltia/EBDOM_DELTIO_19_04_2013.pdf
2013-04-26,DIESEL_HEATING,0.865,http://www.fuelprices.gr/files/deltia/EBDOM_DELTIO_26_04_2013.pdf
2013-10-18,DIESEL_HEATING,0.899,http://www.fuelprices.gr/files/deltia/EBDOM_DELTIO_18_10_2013.pdf
2013-10-25,DIESEL_HEATING,0.929,http://www.fuelprices.gr/files/deltia/EBDOM_DELTIO_25_10_2013.pdf
2013-11-15,DIESEL_HEATING,0.935,http://www.fuelprices.gr/files/deltia/EBDOM_DELTIO_15_11_2013.pdf
2013-11-22,DIESEL_HEATING,0.965,http://www.fuelprices.gr/files/deltia/EBDOM_DELTIO_22_11_2013.pdf
2013-11-29,DIESEL_HEATING,0.965,http://www.fuelprices.gr/files/deltia/EBDOM_DELTIO_29_11_2013.pdf
2013-12-20,DIESEL_HEATING,0.979,http://www.fuelprices.gr/files/deltia/EBDOM_DELTIO_20_12_2013.pdf
2013-12-27,DIESEL_HEATING,0.979,http://www.fuelprices.gr/files/deltia/EBDOM_DELTIO_27_12_2013.pdf
2013-05-10,GAS,0.865,http://www.fuelprices.gr/files/deltia/EBDOM_DELTIO_10_05_2013.pdf
2013-05-17,GAS,0.865,http://www.fuelprices.gr/files/deltia/EBDOM_DELTIO_17_05_2013.pdf
2013-05-24,GAS,0.865,http://www.fuelprices.gr/files/deltia/EBDOM_DELTIO_24_05_2013.pdf
2013-05-31,GAS,0.865,http://www.fuelprices.gr/files/deltia/EBDOM_DELTIO_31_05_2013.pdf
2013-06-07,GAS,0.865,http://www.fuelprices.gr/files/deltia/EBDOM_DELTIO_07_06_2013.pdf
2013-06-14,GAS,0.865,http://www.fuelprices.gr/files/deltia/EBDOM_DELTIO_14_06_2013.pdf
2013-06-21,GAS,0.865,http://www.fuelprices.gr/files/deltia/EBDOM_DELTIO_21_06_2013.pdf
2013-06-28,GAS,0.91,http://www.fuelprices.gr/files/deltia/EBDOM_DELTIO_28_06_2013.pdf
2013-07-05,GAS,0.91,http://www.fuelprices.gr/files/deltia/EBDOM_DELTIO_05_07_2013.pdf
2013-07-12,GAS,0.875,http://www.fuelprices.gr/files/deltia/EBDOM_DELTIO_12_07_2013.pdf
2013-07-19,GAS,0.875,http://www.fuelprices.gr/files/deltia/EBDOM_DELTIO_19_07_2013.pdf
2013-07-26,GAS,0.875,http://www.fuelprices.gr/files/deltia/EBDOM_DELTIO_26_07_2013.pdf
2013-08-02,GAS,0.875,http://www.fuelprices.gr/files/deltia/EBDOM_DELTIO_02_08_2013.pdf
2013-08-09,GAS,0.875,http://www.fuelprices.gr/files/deltia/EBDOM_DELTIO_09_08_2013.pdf
2013-08-16,GAS,0.875,http://www.fuelprices.gr/files/deltia/EBDOM_DELTIO_16_08_2013.pdf
2013-08-23,GAS,0.879,http://www.fuelprices.gr/files/deltia/EBDOM_DELTIO_23_08_2013.pdf
2013-08-30,GAS,0.899,http://www.fuelprices.gr/files/deltia/EBDOM_DELTIO_30_08_2013.pdf
2013-09-20,GAS,0.899,http://www.fuelprices.gr/files/deltia/EBDOM_DELTIO_20_09_2013.pdf
2013-09-27,GAS,0.899,http://www.fuelprices.gr/files/deltia/EBDOM_DELTIO_27_09_2013.pdf
2013-10-04,GAS,0.899,http://www.fuelprices.gr/files/deltia/EBDOM_DELTIO_04_10_2013.pdf
2013-10-11,GAS,0.899,http://www.fuelprices.gr/files/deltia/EBDOM_DELTIO_11_10_2013.pdf
2013-03-15,SUPER,1.898,http://www.fuelprices.gr/files/deltia/EBDOM_DELTIO_15_03_2013.pdf
2013-03-22,SUPER,1.898,http://www.fuelprices.gr/files/deltia/EBDOM_DELTIO_22_03_2013.pdf
2013-03-29,SUPER,1.898,http://www.fuelprices.gr/files/deltia/EBDOM_DELTIO_29_03_2013.pdf
2013-04-05,SUPER,1.898,http://www.fuelprices.gr/files/deltia/EBDOM_DELTIO_05_04_2013.pdf
2013-04-12,SUPER,1.89,http://www.fuelprices.gr/files/deltia/EBDOM_DELTIO_12_04_2013.pdf
2013-04-19,SUPER,1.869,http://www.fuelprices.gr/files/deltia/EBDOM_DELTIO_19_04_2013.pdf
2013-04-26,SUPER,1.855,http://www.fuelprices.gr/files/deltia/EBDOM_DELTIO_26_04_2013.pdf
2013-05-03,SUPER,1.855,http://www.fuelprices.gr/files/deltia/EBDOM_DELTIO_03_05_2013.pdf
2013-05-10,SUPER,1.856,http://www.fuelprices.gr/files/deltia/EBDOM_DELTIO_10_05_2013.pdf
2013-05-17,SUPER,1.856,http://www.fuelprices.gr/files/deltia/EBDOM_DELTIO_17_05_2013.pdf
2013-05-24,SUPER,1.868,http://www.fuelprices.gr/files/deltia/EBDOM_DELTIO_24_05_2013.pdf
2013-05-31,SUPER,1.868,http://www.fuelprices.gr/files/deltia/EBDOM_DELTIO_31_05_2013.pdf
2013-06-07,SUPER,1.868,http://www.fuelprices.gr/files/deltia/EBDOM_DELTIO_07_06_2013.pdf
2013-06-14,SUPER,1.868,http://www.fuelprices.gr/files/deltia/EBDOM_DELTIO_14_06_2013.pdf
2013-06-21,SUPER,1.868,http://www.fuelprices.gr/files/deltia/EBDOM_DELTIO_21_06_2013.pdf
2013-06-28,SUPER,1.868,http://www.fuelprices.gr/files/deltia/EBDOM_DELTIO_28_06_2013.pdf
2013-07-05,SUPER,1.873,http://www.fuelprices.gr/files/deltia/EBDOM_DELTIO_05_07_2013.pdf
2013-07-12,SUPER,1.88,http://www.fuelprices.gr/files/deltia/EBDOM_DELTIO_12_07_2013.pdf
2013-07-19,SUPER,1.88,http://www.fuelprices.gr/files/deltia/EBDOM_DELTIO_19_07_2013.pdf
2013-07-26,SUPER,1.88,http://www.fuelprices.gr/files/deltia/EBDOM_DELTIO_26_07_2013.pdf
2013-08-02,SUPER,1.88,http://www.fuelprices.gr/files/deltia/EBDOM_DELTIO_02_08_2013.pdf
2013-08-09,SUPER,1.88,http://www.fuelprices.gr/files/deltia/EBDOM_DELTIO_09_08_2013.pdf
2013-08-16,SUPER,1.88,http://www.fuelprices.gr/files/deltia/EBDOM_DELTIO_16_08_2013.pdf
2013-08-23,SUPER,1.882,http://www.fuelprices.gr/files/deltia/EBDOM_DELTIO_23_08_2013.pdf
2013-08-30,SUPER,1.89,http://www.fuelprices.gr/files/deltia/EBDOM_DELTIO_30_08_2013.pdf
2013-09-06,SUPER,1.888,http://www.fuelprices.gr/files/deltia/EBDOM_DELTIO_06_09_2013.pdf
2013-09-13,SUPER,1.888,http://www.fuelprices.gr/files/deltia/EBDOM_DELTIO_13_09_2013.pdf
2013-09-20,SUPER,1.888,http://www.fuelprices.gr/files/deltia/EBDOM_DELTIO_20_09_2013.pdf
2013-09-27,SUPER,1.888,http://www.fuelprices.gr/files/deltia/EBDOM_DELTIO_27_09_2013.pdf
2013-10-04,SUPER,1.872,http://www.fuelprices.gr/files/deltia/EBDOM_DELTIO_04_10_2013.pdf
2013-10-11,SUPER,1.872,http://www.fuelprices.gr/files/deltia/EBDOM_DELTIO_11_10_2013.pdf
2013-10-18,SUPER,1.836,http://www.fuelprices.gr/files/deltia/EBDOM_DELTIO_18_10_2013.pdf
2013-10-25,SUPER,1.836,http://www.fuelprices.gr/files/deltia/EBDOM_DELTIO_25_10_2013.pdf
2013-11-01,SUPER,1.836,http://www.fuelprices.gr/files/deltia/EBDOM_DELTIO_01_11_2013.pdf
2013-11-08,SUPER,1.804,http://www.fuelprices.gr/files/deltia/EBDOM_DELTIO_08_11_2013.pdf
2013-11-15,SUPER,1.804,http://www.fuelprices.gr/files/deltia/EBDOM_DELTIO_15_11_2013.pdf
2013-11-22,SUPER,1.824,http://www.fuelprices.gr/files/deltia/EBDOM_DELTIO_22_11_2013.pdf
2013-11-29,SUPER,1.824,http://www.fuelprices.gr/files/deltia/EBDOM_DELTIO_29_11_2013.pdf
2013-12-06,SUPER,1.824,http://www.fuelprices.gr/files/deltia/EBDOM_DELTIO_06_12_2013.pdf
2013-12-13,SUPER,1.824,http://www.fuelprices.gr/files/deltia/EBDOM_DELTIO_13_12_2013.pdf
2013-12-20,SUPER,1.811,http://www.fuelprices.gr/files/deltia/EBDOM_DELTIO_20_12_2013.pdf
2013-12-27,SUPER,1.811,http://www.fuelprices.gr/files/deltia/EBDOM_DELTIO_27_12_2013.pdf
2013-03-15,UNLEADED_100,1.996,http://www.fuelprices.gr/files/deltia/EBDOM_DELTIO_15_03_2013.pdf
2013-03-22,UNLEADED_100,1.996,http://www.fuelprices.gr/files/deltia/EBDOM_DELTIO_22_03_2013.pdf
2013-03-29,UNLEADED_100,1.996,http://www.fuelprices.gr/files/deltia/EBDOM_DELTIO_29_03_2013.pdf
2013-04-05,UNLEADED_100,1.998,http://www.fuelprices.gr/files/deltia/EBDOM_DELTIO_05_04_2013.pdf
2013-04-12,UNLEADED_100,1.996,http://www.fuelprices.gr/files/deltia/EBDOM_DELTIO_12_04_2013.pdf
2013-04-19,UNLEADED_100,1.995,http://www.fuelprices.gr/files/deltia/EBDOM_DELTIO_19_04_2013.pdf
2013-04-26,UNLEADED_100,1.971,http://www.fuelprices.gr/files/deltia/EBDOM_DELTIO_26_04_2013.pdf
2013-05-03,UNLEADED_100,1.971,http://www.fuelprices.gr/files/deltia/EBDOM_DELTIO_03_05_2013.pdf
2013-05-10,UNLEADED_100,1.995,http://www.fuelprices.gr/files/deltia/EBDOM_DELTIO_10_05_2013.pdf
2013-05-17,UNLEADED_100,1.995,http://www.fuelprices.gr/files/deltia/EBDOM_DELTIO_17_05_2013.pdf
2013-05-24,UNLEADED_100,1.976,http://www.fuelprices.gr/files/deltia/EBDOM_DELTIO_24_05_2013.pdf
2013-05-31,UNLEADED_100,1.976,http://www.fuelprices.gr/files/deltia/EBDOM_DELTIO_31_05_2013.pdf
2013-06-07,UNLEADED_100,1.976,http://www.fuelprices.gr/files/deltia/EBDOM_DELTIO_07_06_2013.pdf
2013-06-14,UNLEADED_100,1.976,http://www.fuelprices.gr/files/deltia/EBDOM_DELTIO_14_06_2013.pdf
2013-06-21,UNLEADED_100,1.976,http://www.fuelprices.gr/files/deltia/EBDOM_DELTIO_21_06_2013.pdf
2013-06-28,UNLEADED_100,1.976,http://www.fuelprices.gr/files/deltia/EBDOM_DELTIO_28_06_2013.pdf
2013-07-05,UNLEADED_100,1.979,http://www.fuelprices.gr/files/deltia/EBDOM_DELTIO_05_07_2013.pdf
2013-07-12,UNLEADED_100,1.979,http://www.fuelprices.gr/files/deltia/EBDOM_DELTIO_12_07_2013.pdf
2013-07-19,UNLEADED_100,1.979,http://www.fuelprices.gr/files/deltia/EBDOM_DELTIO_19_07_2013.pdf
2013-07-26,UNLEADED_100,1.979,http://www.fuelprices.gr/files/deltia/EBDOM_DELTIO_26_07_2013.pdf
2013-08-02,UNLEADED_100,1.979,http://www.fuelprices.gr/files/deltia/EBDOM_DELTIO_02_08_2013.pdf
2013-08-09,UNLEADED_100,1.979,http://www.fuelprices.gr/files/deltia/EBDOM_DELTIO_09_08_2013.pdf
2013-08-16,UNLEADED_100,1.979,http://www.fuelprices.gr/files/deltia/EBDOM_DELTIO_16_08_2013.pdf
2013-08-23,UNLEADED_100,1.979,http://www.fuelprices.gr/files/deltia/EBDOM_DELTIO_23_08_2013.pdf
2013-08-30,UNLEADED_100,1.979,http://www.fuelprices.gr/files/deltia/EBDOM_DELTIO_30_08_2013.pdf
2013-09-06,UNLEADED_100,1.979,http://www.fuelprices.gr/files/deltia/EBDOM_DELTIO_06_09_2013.pdf
2013-09-13,UNLEADED_100,1.979,http://www.fuelprices.gr/files/deltia/EBDOM_DELTIO_13_09_2013.pdf
2013-09-20,UNLEADED_100,1.979,http://www.fuelprices.gr/files/deltia/EBDOM_DELTIO_20_09_2013.pdf
2013-09-27,UNLEADED_100,1.979,http://www.fuelprices.gr/files/deltia/EBDOM_DELTIO_27_09_2013.pdf
2013-10-04,UNLEADED_100,1.996,http://www.fuelprices.gr/files/deltia/EBDOM_DELTIO_04_10_2013.pdf
2013-10-11,UNLEADED_100,1.975,http://www.fuelprices.gr/files/deltia/EBDOM_DELTIO_11_10_2013.pdf
2013-10-18,UNLEADED_100,1.975,http://www.fuelprices.gr/files/deltia/EBDOM_DELTIO_18_10_2013.pdf
2013-10-25,UNLEADED_100,1.975,http://www.fuelprices.gr/files/deltia/EBDOM_DELTIO_25_10_2013.pdf
2013-11-01,UNLEADED_100,1.975,http://www.fuelprices.gr/files/deltia/EBDOM_DELTIO_01_11_2013.pdf
2013-11-08,UNLEADED_100,1.967,http://www.fuelprices.gr/files/deltia/EBDOM_DELTIO_08_11_2013.pdf
2013-11-15,UNLEADED_100,1.967,http://www.fuelprices.gr/files/deltia/EBDOM_DELTIO_15_11_2013.pdf
2013-11-22,UNLEADED_100,1.967,http://www.fuelprices.gr/files/deltia/EBDOM_DELTIO_22_11_2013.pdf
2013-11-29,UNLEADED_100,1.967,http://www.fuelprices.gr/files/deltia/EBDOM_DELTIO_29_11_2013.pdf
2013-12-06,UNLEADED_100,1.967,http://www.fuelprices.gr/files/deltia/EBDOM_DELTIO_06_12_2013.pdf
2013-12-13,UNLEADED_100,1.967,http://www.fuelprices.gr/files/deltia/EBDOM_DELTIO_13_12_2013.pdf
2013-12-20,UNLEADED_100,1.967,http://www.fuelprices.gr/files/deltia/EBDOM_DELTIO_20_12_2013.pdf
2013-12-27,UNLEADED_100,1.967,http://www.fuelprices.gr/files/deltia/EBDOM_DELTIO_27_12_2013.pdf
2013-03-15,UNLEADED_95,1.798,http://www.fuelprices.gr/files/deltia/EBDOM_DELTIO_15_03_2013.pdf
2013-03-22,UNLEADED_95,1.791,http://www.fuelprices.gr/files/deltia/EBDOM_DELTIO_22_03_2013.pdf
2013-03-29,UNLEADED_95,1.794,http://www.fuelprices.gr/files/deltia/EBDOM_DELTIO_29_03_2013.pdf
2013-04-05,UNLEADED_95,1.797,http://www.fuelprices.gr/files/deltia/EBDOM_DELTIO_05_04_2013.pdf
2013-04-12,UNLEADED_95,1.773,http://www.fuelprices.gr/files/deltia/EBDOM_DELTIO_12_04_2013.pdf
2013-04-19,UNLEADED_95,1.738,http://www.fuelprices.gr/files/deltia/EBDOM_DELTIO_19_04_2013.pdf
2013-04-26,UNLEADED_95,1.72,http://www.fuelprices.gr/files/deltia/EBDOM_DELTIO_26_04_2013.pdf
2013-05-03,UNLEADED_95,1.72,http://www.fuelprices.gr/files/deltia/EBDOM_DELTIO_03_05_2013.pdf
2013-05-10,UNLEADED_95,1.721,http://www.fuelprices.gr/files/deltia/EBDOM_DELTIO_10_05_2013.pdf
2013-05-17,UNLEADED_95,1.728,http://www.fuelprices.gr/files/deltia/EBDOM_DELTIO_17_05_2013.pdf
2013-05-24,UNLEADED_95,1.747,http://www.fuelprices.gr/files/deltia/EBDOM_DELTIO_24_05_2013.pdf
2013-05-31,UNLEADED_95,1.755,http://www.fuelprices.gr/files/deltia/EBDOM_DELTIO_31_05_2013.pdf
2013-06-07,UNLEADED_95,1.755,http://www.fuelprices.gr/files/deltia/EBDOM_DELTIO_07_06_2013.pdf
2013-06-14,UNLEADED_95,1.755,http://www.fuelprices.gr/files/deltia/EBDOM_DELTIO_14_06_2013.pdf
2013-06-21,UNLEADED_95,1.755,http://www.fuelprices.gr/files/deltia/EBDOM_DELTIO_21_06_2013.pdf
2013-06-28,UNLEADED_95,1.749,http://www.fuelprices.gr/files/deltia/EBDOM_DELTIO_28_06_2013.pdf
2013-07-05,UNLEADED_95,1.743,http://www.fuelprices.gr/files/deltia/EBDOM_DELTIO_05_07_2013.pdf
2013-07-12,UNLEADED_95,1.767,http://www.fuelprices.gr/files/deltia/EBDOM_DELTIO_12_07_2013.pdf
2013-07-19,UNLEADED_95,1.78,http://www.fuelprices.gr/files/deltia/EBDOM_DELTIO_19_07_2013.pdf
2013-07-26,UNLEADED_95,1.785,http://www.fuelprices.gr/files/deltia/EBDOM_DELTIO_26_07_2013.pdf
2013-08-02,UNLEADED_95,1.779,http://www.fuelprices.gr/files/deltia/EBDOM_DELTIO_02_08_2013.pdf
2013-08-09,UNLEADED_95,1.771,http://www.fuelprices.gr/files/deltia/EBDOM_DELTIO_09_08_2013.pdf
2013-08-16,UNLEADED_95,1.762,http://www.fuelprices.gr/files/deltia/EBDOM_DELTIO_16_08_2013.pdf
2013-08-23,UNLEADED_95,1.774,http://www.fuelprices.gr/files/deltia/EBDOM_DELTIO_23_08_2013.pdf
2013-08-30,UNLEADED_95,1.791,http://www.fuelprices.gr/files/deltia/EBDOM_DELTIO_30_08_2013.pdf
2013-09-06,UNLEADED_95,1.799,http://www.fuelprices.gr/files/deltia/EBDOM_DELTIO_06_09_2013.pdf
2013-09-13,UNLEADED_95,1.782,http://www.fuelprices.gr/files/deltia/EBDOM_DELTIO_13_09_2013.pdf
2013-09-20,UNLEADED_95,1.76,http://www.fuelprices.gr/files/deltia/EBDOM_DELTIO_20_09_2013.pdf
2013-09-27,UNLEADED_95,1.731,http://www.fuelprices.gr/files/deltia/EBDOM_DELTIO_27_09_2013.pdf
2013-10-04,UNLEADED_95,1.726,http://www.fuelprices.gr/files/deltia/EBDOM_DELTIO_04_10_2013.pdf
2013-10-11,UNLEADED_95,1.724,http://www.fuelprices.gr/files/deltia/EBDOM_DELTIO_11_10_2013.pdf
2013-10-18,UNLEADED_95,1.717,http://www.fuelprices.gr/files/deltia/EBDOM_DELTIO_18_10_2013.pdf
2013-10-25,UNLEADED_95,1.709,http://www.fuelprices.gr/files/deltia/EBDOM_DELTIO_25_10_2013.pdf
2013-11-01,UNLEADED_95,1.691,http://www.fuelprices.gr/files/deltia/EBDOM_DELTIO_01_11_2013.pdf
2013-11-08,UNLEADED_95,1.686,http://www.fuelprices.gr/files/deltia/EBDOM_DELTIO_08_11_2013.pdf
2013-11-15,UNLEADED_95,1.697,http://www.fuelprices.gr/files/deltia/EBDOM_DELTIO_15_11_2013.pdf
2013-11-22,UNLEADED_95,1.703,http://www.fuelprices.gr/files/deltia/EBDOM_DELTIO_22_11_2013.pdf
2013-11-29,UNLEADED_95,1.708,http://www.fuelprices.gr/files/deltia/EBDOM_DELTIO_29_11_2013.pdf
2013-12-06,UNLEADED_95,1.709,http://www.fuelprices.gr/files/deltia/EBDOM_DELTIO_06_12_2013.pdf
2013-12-13,UNLEADED_95,1.709,http://www.fuelprices.gr/files/deltia/EBDOM_DELTIO_13_12_2013.pdf
2013-12-20,UNLEADED_95,1.707,http://www.fuelprices.gr/files/deltia/EBDOM_DELTIO_20_12_2013.pdf
2013-12-27,UNLEADED_95,1.711,http://www.fuelprices.gr/files/deltia/EBDOM_DELTIO_27_12_2013.pdf
2014-01-03,DIESEL,1.428,http://www.fuelprices.gr/files/deltia/EBDOM_DELTIO_03_01_2014.pdf
2014-01-10,DIESEL,1.409,http://www.fuelprices.gr/files/deltia/EBDOM_DELTIO_10_01_2014.pdf
2014-01-17,DIESEL,1.407,http://www.fuelprices.gr/files/deltia/EBDOM_DELTIO_17_01_2014.pdf
2014-01-24,DIESEL,1.405,http://www.fuelprices.gr/files/deltia/EBDOM_DELTIO_24_01_2014.pdf
2014-01-31,DIESEL,1.405,http://www.fuelprices.gr/files/deltia/EBDOM_DELTIO_31_01_2014.pdf
2014-02-07,DIESEL,1.407,http://www.fuelprices.gr/files/deltia/EBDOM_DELTIO_07_02_2014.pdf
2014-02-14,DIESEL,1.411,http://www.fuelprices.gr/files/deltia/EBDOM_DELTIO_14_02_2014.pdf
2014-02-21,DIESEL,1.414,http://www.fuelprices.gr/files/deltia/EBDOM_DELTIO_21_02_2014.pdf
2014-02-28,DIESEL,1.417,http://www.fuelprices.gr/files/deltia/EBDOM_DELTIO_28_02_2014.pdf
2014-03-07,DIESEL,1.417,http://www.fuelprices.gr/files/deltia/EBDOM_DELTIO_07_03_2014.pdf
2014-03-14,DIESEL,1.412,http://www.fuelprices.gr/files/deltia/EBDOM_DELTIO_14_03_2014.pdf
2014-03-21,DIESEL,1.402,http://www.fuelprices.gr/files/deltia/EBDOM_DELTIO_21_03_2014.pdf
2014-03-28,DIESEL,1.402,http://www.fuelprices.gr/files/deltia/EBDOM_DELTIO_28_03_2014.pdf
2014-04-04,DIESEL,1.404,http://www.fuelprices.gr/files/deltia/EBDOM_DELTIO_04_04_2014.pdf
2014-04-11,DIESEL,1.4,http://www.fuelprices.gr/files/deltia/EBDOM_DELTIO_11_04_2014.pdf
2014-04-18,DIESEL,1.402,http://www.fuelprices.gr/files/deltia/EBDOM_DELTIO_18_04_2014.pdf
2014-04-25,DIESEL,1.405,http://www.fuelprices.gr/files/deltia/EBDOM_DELTIO_25_04_2014.pdf
2014-05-02,DIESEL,1.406,http://www.fuelprices.gr/files/deltia/EBDOM_DELTIO_02_05_2014.pdf
2014-05-09,DIESEL,1.401,http://www.fuelprices.gr/files/deltia/EBDOM_DELTIO_09_05_2014.pdf
2014-05-16,DIESEL,1.4,http://www.fuelprices.gr/files/deltia/EBDOM_DELTIO_16_05_2014.pdf
2014-05-23,DIESEL,1.403,http://www.fuelprices.gr/files/deltia/EBDOM_DELTIO_23_05_2014.pdf
2014-05-30,DIESEL,1.404,http://www.fuelprices.gr/files/deltia/EBDOM_DELTIO_30_05_2014.pdf
2014-06-06,DIESEL,1.404,http://www.fuelprices.gr/files/deltia/EBDOM_DELTIO_06_06_2014.pdf
2014-06-13,DIESEL,1.405,http://www.fuelprices.gr/files/deltia/EBDOM_DELTIO_13_06_2014.pdf
2014-06-20,DIESEL,1.411,http://www.fuelprices.gr/files/deltia/EBDOM_DELTIO_20_06_2014.pdf
2014-06-27,DIESEL,1.422,http://www.fuelprices.gr/files/deltia/EBDOM_DELTIO_27_06_2014.pdf
2014-07-04,DIESEL,1.424,http://www.fuelprices.gr/files/deltia/EBDOM_DELTIO_04_07_2014.pdf
2014-07-11,DIESEL,1.412,http://www.fuelprices.gr/files/deltia/EBDOM_DELTIO_11_07_2014.pdf
2014-07-18,DIESEL,1.405,http://www.fuelprices.gr/files/deltia/EBDOM_DELTIO_18_07_2014.pdf
2014-07-25,DIESEL,1.404,http://www.fuelprices.gr/files/deltia/EBDOM_DELTIO_25_07_2014.pdf
2014-08-01,DIESEL,1.407,http://www.fuelprices.gr/files/deltia/EBDOM_DELTIO_01_08_2014.pdf
2014-08-08,DIESEL,1.406,http://www.fuelprices.gr/files/deltia/EBDOM_DELTIO_08_08_2014.pdf
2014-08-15,DIESEL,1.406,http://www.fuelprices.gr/files/deltia/EBDOM_DELTIO_15_08_2014.pdf
2014-08-22,DIESEL,1.405,http://www.fuelprices.gr/files/deltia/EBDOM_DELTIO_22_08_2014.pdf
2014-08-29,DIESEL,1.397,http://www.fuelprices.gr/files/deltia/EBDOM_DELTIO_29_08_2014.pdf
2014-09-05,DIESEL,1.395,http://www.fuelprices.gr/files/deltia/EBDOM_DELTIO_05_09_2014.pdf
2014-09-12,DIESEL,1.399,http://www.fuelprices.gr/files/deltia/EBDOM_DELTIO_12_09_2014.pdf
2014-09-19,DIESEL,1.397,http://www.fuelprices.gr/files/deltia/EBDOM_DELTIO_19_09_2014.pdf
2014-09-26,DIESEL,1.396,http://www.fuelprices.gr/files/deltia/EBDOM_DELTIO_26_09_2014.pdf
2014-10-03,DIESEL,1.396,http://www.fuelprices.gr/files/deltia/EBDOM_DELTIO_03_10_2014.pdf
2014-10-10,DIESEL,1.396,http://www.fuelprices.gr/files/deltia/EBDOM_DELTIO_10_10_2014.pdf
2014-10-17,DIESEL,1.37,http://www.fuelprices.gr/files/deltia/EBDOM_DELTIO_17_10_2014.pdf
2014-10-24,DIESEL,1.357,http://www.fuelprices.gr/files/deltia/EBDOM_DELTIO_24_10_2014.pdf
2014-10-31,DIESEL,1.361,http://www.fuelprices.gr/files/deltia/EBDOM_DELTIO_31_10_2014.pdf
2014-11-07,DIESEL,1.36,http://www.fuelprices.gr/files/deltia/EBDOM_DELTIO_07_11_2014.pdf
2014-11-14,DIESEL,1.36,http://www.fuelprices.gr/files/deltia/EBDOM_DELTIO_14_11_2014.pdf
2014-11-21,DIESEL,1.339,http://www.fuelprices.gr/files/deltia/EBDOM_DELTIO_21_11_2014.pdf
2014-11-28,DIESEL,1.331,http://www.fuelprices.gr/files/deltia/EBDOM_DELTIO_28_11_2014.pdf
2014-12-05,DIESEL,1.299,http://www.fuelprices.gr/files/deltia/EBDOM_DELTIO_05_12_2014.pdf
2014-12-12,DIESEL,1.271,http://www.fuelprices.gr/files/deltia/EBDOM_DELTIO_12_12_2014.pdf
2014-12-19,DIESEL,1.226,http://www.fuelprices.gr/files/deltia/EBDOM_DELTIO_19_12_2014.pdf
2014-12-26,DIESEL,1.215,http://www.fuelprices.gr/files/deltia/EBDOM_DELTIO_26_12_2014.pdf
2014-01-03,DIESEL_HEATING,0.979,http://www.fuelprices.gr/files/deltia/EBDOM_DELTIO_03_01_2014.pdf
2014-01-10,DIESEL_HEATING,0.979,http://www.fuelprices.gr/files/deltia/EBDOM_DELTIO_10_01_2014.pdf
2014-01-17,DIESEL_HEATING,0.979,http://www.fuelprices.gr/files/deltia/EBDOM_DELTIO_17_01_2014.pdf
2014-01-24,DIESEL_HEATING,0.934,http://www.fuelprices.gr/files/deltia/EBDOM_DELTIO_24_01_2014.pdf
2014-01-31,DIESEL_HEATING,0.934,http://www.fuelprices.gr/files/deltia/EBDOM_DELTIO_31_01_2014.pdf
2014-02-07,DIESEL_HEATING,0.915,http://www.fuelprices.gr/files/deltia/EBDOM_DELTIO_07_02_2014.pdf
2014-02-14,DIESEL_HEATING,0.915,http://www.fuelprices.gr/files/deltia/EBDOM_DELTIO_14_02_2014.pdf
2014-02-21,DIESEL_HEATING,0.879,http://www.fuelprices.gr/files/deltia/EBDOM_DELTIO_21_02_2014.pdf
2014-02-28,DIESEL_HEATING,0.856,http://www.fuelprices.gr/files/deltia/EBDOM_DELTIO_28_02_2014.pdf
2014-03-07,DIESEL_HEATING,0.865,http://www.fuelprices.gr/files/deltia/EBDOM_DELTIO_07_03_2014.pdf
2014-03-14,DIESEL_HEATING,0.879,http://www.fuelprices.gr/files/deltia/EBDOM_DELTIO_14_03_2014.pdf
2014-03-21,DIESEL_HEATING,0.879,http://www.fuelprices.gr/files/deltia/EBDOM_DELTIO_21_03_2014.pdf
2014-03-28,DIESEL_HEATING,0.879,http://www.fuelprices.gr/files/deltia/EBDOM_DELTIO_28_03_2014.pdf
2014-04-04,DIESEL_HEATING,0.879,http://www.fuelprices.gr/files/deltia/EBDOM_DELTIO_04_04_2014.pdf
2014-04-11,DIESEL_HEATING,0.879,http://www.fuelprices.gr/files/deltia/EBDOM_DELTIO_11_04_2014.pdf
2014-04-18,DIESEL_HEATING,0.879,http://www.fuelprices.gr/files/deltia/EBDOM_DELTIO_18_04_2014.pdf
2014-04-25,DIESEL_HEATING,0.879,http://www.fuelprices.gr/files/deltia/EBDOM_DELTIO_25_04_2014.pdf
2014-10-17,DIESEL_HEATING,0.859,http://www.fuelprices.gr/files/deltia/EBDOM_DELTIO_17_10_2014.pdf
2014-10-24,DIESEL_HEATING,0.825,http://www.fuelprices.gr/files/deltia/EBDOM_DELTIO_24_10_2014.pdf
2014-10-31,DIESEL_HEATING,0.825,http://www.fuelprices.gr/files/deltia/EBDOM_DELTIO_31_10_2014.pdf
2014-11-21,DIESEL_HEATING,0.799,http://www.fuelprices.gr/files/deltia/EBDOM_DELTIO_21_11_2014.pdf
2014-11-28,DIESEL_HEATING,0.799,http://www.fuelprices.gr/files/deltia/EBDOM_DELTIO_28_11_2014.pdf
2014-12-19,DIESEL_HEATING,0.799,http://www.fuelprices.gr/files/deltia/EBDOM_DELTIO_19_12_2014.pdf
2014-12-26,DIESEL_HEATING,0.785,http://www.fuelprices.gr/files/deltia/EBDOM_DELTIO_26_12_2014.pdf
2014-05-02,GAS,0.879,http://www.fuelprices.gr/files/deltia/EBDOM_DELTIO_02_05_2014.pdf
2014-05-09,GAS,0.879,http://www.fuelprices.gr/files/deltia/EBDOM_DELTIO_09_05_2014.pdf
2014-05-16,GAS,0.879,http://www.fuelprices.gr/files/deltia/EBDOM_DELTIO_16_05_2014.pdf
2014-05-23,GAS,0.869,http://www.fuelprices.gr/files/deltia/EBDOM_DELTIO_23_05_2014.pdf
2014-05-30,GAS,0.869,http://www.fuelprices.gr/files/deltia/EBDOM_DELTIO_30_05_2014.pdf
2014-06-06,GAS,0.891,http://www.fuelprices.gr/files/deltia/EBDOM_DELTIO_06_06_2014.pdf
2014-06-13,GAS,0.875,http://www.fuelprices.gr/files/deltia/EBDOM_DELTIO_13_06_2014.pdf
2014-06-20,GAS,0.875,http://www.fuelprices.gr/files/deltia/EBDOM_DELTIO_20_06_2014.pdf
2014-06-27,GAS,0.891,http://www.fuelprices.gr/files/deltia/EBDOM_DELTIO_27_06_2014.pdf
2014-07-04,GAS,0.891,http://www.fuelprices.gr/files/deltia/EBDOM_DELTIO_04_07_2014.pdf
2014-07-11,GAS,0.891,http://www.fuelprices.gr/files/deltia/EBDOM_DELTIO_11_07_2014.pdf
2014-07-18,GAS,0.891,http://www.fuelprices.gr/files/deltia/EBDOM_DELTIO_18_07_2014.pdf
2014-07-25,GAS,0.891,http://www.fuelprices.gr/files/deltia/EBDOM_DELTIO_25_07_2014.pdf
2014-08-01,GAS,0.865,http://www.fuelprices.gr/files/deltia/EBDOM_DELTIO_01_08_2014.pdf
2014-08-08,GAS,0.865,http://www.fuelprices.gr/files/deltia/EBDOM_DELTIO_08_08_2014.pdf
2014-08-15,GAS,0.865,http://www.fuelprices.gr/files/deltia/EBDOM_DELTIO_15_08_2014.pdf
2014-08-22,GAS,0.865,http://www.fuelprices.gr/files/deltia/EBDOM_DELTIO_22_08_2014.pdf
2014-08-29,GAS,0.865,http://www.fuelprices.gr/files/deltia/EBDOM_DELTIO_29_08_2014.pdf
2014-09-05,GAS,0.865,http://www.fuelprices.gr/files/deltia/EBDOM_DELTIO_05_09_2014.pdf
2014-09-12,GAS,0.865,http://www.fuelprices.gr/files/deltia/EBDOM_DELTIO_12_09_2014.pdf
2014-09-19,GAS,0.865,http://www.fuelprices.gr/files/deltia/EBDOM_DELTIO_19_09_2014.pdf
2014-09-26,GAS,0.879,http://www.fuelprices.gr/files/deltia/EBDOM_DELTIO_26_09_2014.pdf
2014-10-03,GAS,0.879,http://www.fuelprices.gr/files/deltia/EBDOM_DELTIO_03_10_2014.pdf
2014-10-10,GAS,0.879,http://www.fuelprices.gr/files/deltia/EBDOM_DELTIO_10_10_2014.pdf
2014-01-03,SUPER,1.811,http://www.fuelprices.gr/files/deltia/EBDOM_DELTIO_03_01_2014.pdf
2014-01-10,SUPER,1.811,http://www.fuelprices.gr/files/deltia/EBDOM_DELTIO_10_01_2014.pdf
2014-01-17,SUPER,1.811,http://www.fuelprices.gr/files/deltia/EBDOM_DELTIO_17_01_2014.pdf
2014-01-24,SUPER,1.811,http://www.fuelprices.gr/files/deltia/EBDOM_DELTIO_24_01_2014.pdf
2014-01-31,SUPER,1.82,http://www.fuelprices.gr/files/deltia/EBDOM_DELTIO_31_01_2014.pdf
2014-02-07,SUPER,1.82,http://www.fuelprices.gr/files/deltia/EBDOM_DELTIO_07_02_2014.pdf
2014-02-14,SUPER,1.82,http://www.fuelprices.gr/files/deltia/EBDOM_DELTIO_14_02_2014.pdf
2014-02-21,SUPER,1.83,http://www.fuelprices.gr/files/deltia/EBDOM_DELTIO_21_02_2014.pdf
2014-02-28,SUPER,1.83,http://www.fuelprices.gr/files/deltia/EBDOM_DELTIO_28_02_2014.pdf
2014-03-07,SUPER,1.83,http://www.fuelprices.gr/files/deltia/EBDOM_DELTIO_07_03_2014.pdf
2014-03-14,SUPER,1.83,http://www.fuelprices.gr/files/deltia/EBDOM_DELTIO_14_03_2014.pdf
2014-03-21,SUPER,1.83,http://www.fuelprices.gr/files/deltia/EBDOM_DELTIO_21_03_2014.pdf
2014-03-28,SUPER,1.83,http://www.fuelprices.gr/files/deltia/EBDOM_DELTIO_28_03_2014.pdf
2014-04-04,SUPER,1.83,http://www.fuelprices.gr/files/deltia/EBDOM_DELTIO_04_04_2014.pdf
2014-04-11,SUPER,1.83,http://www.fuelprices.gr/files/deltia/EBDOM_DELTIO_11_04_2014.pdf
2014-04-18,SUPER,1.83,http://www.fuelprices.gr/files/deltia/EBDOM_DELTIO_18_04_2014.pdf
2014-04-25,SUPER,1.834,http://www.fuelprices.gr/files/deltia/EBDOM_DELTIO_25_04_2014.pdf
2014-05-02,SUPER,1.834,http://www.fuelprices.gr/files/deltia/EBDOM_DELTIO_02_05_2014.pdf
2014-05-09,SUPER,1.834,http://www.fuelprices.gr/files/deltia/EBDOM_DELTIO_09_05_2014.pdf
2014-05-16,SUPER,1.834,http://www.fuelprices.gr/files/deltia/EBDOM_DELTIO_16_05_2014.pdf
2014-05-23,SUPER,1.834,http://www.fuelprices.gr/files/deltia/EBDOM_DELTIO_23_05_2014.pdf
2014-05-30,SUPER,1.839,http://www.fuelprices.gr/files/deltia/EBDOM_DELTIO_30_05_2014.pdf
2014-06-06,SUPER,1.839,http://www.fuelprices.gr/files/deltia/EBDOM_DELTIO_06_06_2014.pdf
2014-06-13,SUPER,1.839,http://www.fuelprices.gr/files/deltia/EBDOM_DELTIO_13_06_2014.pdf
2014-06-20,SUPER,1.839,http://www.fuelprices.gr/files/deltia/EBDOM_DELTIO_20_06_2014.pdf
2014-06-27,SUPER,1.839,http://www.fuelprices.gr/files/deltia/EBDOM_DELTIO_27_06_2014.pdf
2014-07-04,SUPER,1.866,http://www.fuelprices.gr/files/deltia/EBDOM_DELTIO_04_07_2014.pdf
2014-07-11,SUPER,1.866,http://www.fuelprices.gr/files/deltia/EBDOM_DELTIO_11_07_2014.pdf
2014-07-18,SUPER,1.866,http://www.fuelprices.gr/files/deltia/EBDOM_DELTIO_18_07_2014.pdf
2014-07-25,SUPER,1.866,http://www.fuelprices.gr/files/deltia/EBDOM_DELTIO_25_07_2014.pdf
2014-08-01,SUPER,1.866,http://www.fuelprices.gr/files/deltia/EBDOM_DELTIO_01_08_2014.pdf
2014-08-08,SUPER,1.866,http://www.fuelprices.gr/files/deltia/EBDOM_DELTIO_08_08_2014.pdf
2014-08-15,SUPER,1.866,http://www.fuelprices.gr/files/deltia/EBDOM_DELTIO_15_08_2014.pdf
2014-08-22,SUPER,1.866,http://www.fuelprices.gr/files/deltia/EBDOM_DELTIO_22_08_2014.pdf
2014-08-29,SUPER,1.841,http://www.fuelprices.gr/files/deltia/EBDOM_DELTIO_29_08_2014.pdf
2014-09-05,SUPER,1.841,http://www.fuelprices.gr/files/deltia/EBDOM_DELTIO_05_09_2014.pdf
2014-09-12,SUPER,1.787,http://www.fuelprices.gr/files/deltia/EBDOM_DELTIO_12_09_2014.pdf
2014-09-19,SUPER,1.841,http://www.fuelprices.gr/files/deltia/EBDOM_DELTIO_19_09_2014.pdf
2014-09-26,SUPER,1.841,http://www.fuelprices.gr/files/deltia/EBDOM_DELTIO_26_09_2014.pdf
2014-10-03,SUPER,1.841,http://www.fuelprices.gr/files/deltia/EBDOM_DELTIO_03_10_2014.pdf
2014-10-10,SUPER,1.841,http://www.fuelprices.gr/files/deltia/EBDOM_DELTIO_10_10_2014.pdf
2014-10-17,SUPER,1.79,http://www.fuelprices.gr/files/deltia/EBDOM_DELTIO_17_10_2014.pdf
2014-10-24,SUPER,1.79,http://www.fuelprices.gr/files/deltia/EBDOM_DELTIO_24_10_2014.pdf
2014-10-31,SUPER,1.79,http://www.fuelprices.gr/files/deltia/EBDOM_DELTIO_31_10_2014.pdf
2014-11-07,SUPER,1.79,http://www.fuelprices.gr/files/deltia/EBDOM_DELTIO_07_11_2014.pdf
2014-11-14,SUPER,1.79,http://www.fuelprices.gr/files/deltia/EBDOM_DELTIO_14_11_2014.pdf
2014-11-21,SUPER,1.79,http://www.fuelprices.gr/files/deltia/EBDOM_DELTIO_21_11_2014.pdf
2014-11-28,SUPER,1.79,http://www.fuelprices.gr/files/deltia/EBDOM_DELTIO_28_11_2014.pdf
2014-12-05,SUPER,1.79,http://www.fuelprices.gr/files/deltia/EBDOM_DELTIO_05_12_2014.pdf
2014-12-12,SUPER,1.766,http://www.fuelprices.gr/files/deltia/EBDOM_DELTIO_12_12_2014.pdf
2014-12-19,SUPER,1.715,http://www.fuelprices.gr/files/deltia/EBDOM_DELTIO_19_12_2014.pdf
2014-12-26,SUPER,1.582,http://www.fuelprices.gr/files/deltia/EBDOM_DELTIO_26_12_2014.pdf
2014-01-03,UNLEADED_100,1.967,http://www.fuelprices.gr/files/deltia/EBDOM_DELTIO_03_01_2014.pdf
2014-01-10,UNLEADED_100,1.967,http://www.fuelprices.gr/files/deltia/EBDOM_DELTIO_10_01_2014.pdf
2014-01-17,UNLEADED_100,1.967,http://www.fuelprices.gr/files/deltia/EBDOM_DELTIO_17_01_2014.pdf
2014-01-24,UNLEADED_100,1.967,http://www.fuelprices.gr/files/deltia/EBDOM_DELTIO_24_01_2014.pdf
2014-01-31,UNLEADED_100,1.967,http://www.fuelprices.gr/files/deltia/EBDOM_DELTIO_31_01_2014.pdf
2014-02-07,UNLEADED_100,1.967,http://www.fuelprices.gr/files/deltia/EBDOM_DELTIO_07_02_2014.pdf
2014-02-14,UNLEADED_100,1.967,http://www.fuelprices.gr/files/deltia/EBDOM_DELTIO_14_02_2014.pdf
2014-02-21,UNLEADED_100,1.967,http://www.fuelprices.gr/files/deltia/EBDOM_DELTIO_21_02_2014.pdf
2014-02-28,UNLEADED_100,1.967,http://www.fuelprices.gr/files/deltia/EBDOM_DELTIO_28_02_2014.pdf
2014-03-07,UNLEADED_100,1.967,http://www.fuelprices.gr/files/deltia/EBDOM_DELTIO_07_03_2014.pdf
2014-03-14,UNLEADED_100,1.967,http://www.fuelprices.gr/files/deltia/EBDOM_DELTIO_14_03_2014.pdf
2014-03-21,UNLEADED_100,1.967,http://www.fuelprices.gr/files/deltia/EBDOM_DELTIO_21_03_2014.pdf
2014-03-28,UNLEADED_100,1.967,http://www.fuelprices.gr/files/deltia/EBDOM_DELTIO_28_03_2014.pdf
2014-04-04,UNLEADED_100,1.967,http://www.fuelprices.gr/files/deltia/EBDOM_DELTIO_04_04_2014.pdf
2014-04-11,UNLEADED_100,1.968,http://www.fuelprices.gr/files/deltia/EBDOM_DELTIO_11_04_2014.pdf
2014-04-18,UNLEADED_100,1.967,http://www.fuelprices.gr/files/deltia/EBDOM_DELTIO_18_04_2014.pdf
2014-04-25,UNLEADED_100,1.966,http://www.fuelprices.gr/files/deltia/EBDOM_DELTIO_25_04_2014.pdf
2014-05-02,UNLEADED_100,1.967,http://www.fuelprices.gr/files/deltia/EBDOM_DELTIO_02_05_2014.pdf
2014-05-09,UNLEADED_100,1.967,http://www.fuelprices.gr/files/deltia/EBDOM_DELTIO_09_05_2014.pdf
2014-05-16,UNLEADED_100,1.967,http://www.fuelprices.gr/files/deltia/EBDOM_DELTIO_16_05_2014.pdf
2014-05-23,UNLEADED_100,1.967,http://www.fuelprices.gr/files/deltia/EBDOM_DELTIO_23_05_2014.pdf
2014-05-30,UNLEADED_100,1.967,http://www.fuelprices.gr/files/deltia/EBDOM_DELTIO_30_05_2014.pdf
2014-06-06,UNLEADED_100,1.967,http://www.fuelprices.gr/files/deltia/EBDOM_DELTIO_06_06_2014.pdf
2014-06-13,UNLEADED_100,1.967,http://www.fuelprices.gr/files/deltia/EBDOM_DELTIO_13_06_2014.pdf
2014-06-20,UNLEADED_100,1.967,http://www.fuelprices.gr/files/deltia/EBDOM_DELTIO_20_06_2014.pdf
2014-06-27,UNLEADED_100,1.967,http://www.fuelprices.gr/files/deltia/EBDOM_DELTIO_27_06_2014.pdf
2014-07-04,UNLEADED_100,1.97,http://www.fuelprices.gr/files/deltia/EBDOM_DELTIO_04_07_2014.pdf
2014-07-11,UNLEADED_100,1.977,http://www.fuelprices.gr/files/deltia/EBDOM_DELTIO_11_07_2014.pdf
2014-07-18,UNLEADED_100,1.977,http://www.fuelprices.gr/files/deltia/EBDOM_DELTIO_18_07_2014.pdf
2014-07-25,UNLEADED_100,1.976,http://www.fuelprices.gr/files/deltia/EBDOM_DELTIO_25_07_2014.pdf
2014-08-01,UNLEADED_100,1.976,http://www.fuelprices.gr/files/deltia/EBDOM_DELTIO_01_08_2014.pdf
2014-08-08,UNLEADED_100,1.976,http://www.fuelprices.gr/files/deltia/EBDOM_DELTIO_08_08_2014.pdf
2014-08-15,UNLEADED_100,1.976,http://www.fuelprices.gr/files/deltia/EBDOM_DELTIO_15_08_2014.pdf
2014-08-22,UNLEADED_100,1.976,http://www.fuelprices.gr/files/deltia/EBDOM_DELTIO_22_08_2014.pdf
2014-08-29,UNLEADED_100,1.971,http://www.fuelprices.gr/files/deltia/EBDOM_DELTIO_29_08_2014.pdf
2014-09-05,UNLEADED_100,1.971,http://www.fuelprices.gr/files/deltia/EBDOM_DELTIO_05_09_2014.pdf
2014-09-12,UNLEADED_100,1.987,http://www.fuelprices.gr/files/deltia/EBDOM_DELTIO_12_09_2014.pdf
2014-09-19,UNLEADED_100,1.986,http://www.fuelprices.gr/files/deltia/EBDOM_DELTIO_19_09_2014.pdf
2014-09-26,UNLEADED_100,1.986,http://www.fuelprices.gr/files/deltia/EBDOM_DELTIO_26_09_2014.pdf
2014-10-03,UNLEADED_100,1.986,http://www.fuelprices.gr/files/deltia/EBDOM_DELTIO_03_10_2014.pdf
2014-10-10,UNLEADED_100,1.986,http://www.fuelprices.gr/files/deltia/EBDOM_DELTIO_10_10_2014.pdf
2014-10-17,UNLEADED_100,1.949,http://www.fuelprices.gr/files/deltia/EBDOM_DELTIO_17_10_2014.pdf
2014-10-24,UNLEADED_100,1.946,http://www.fuelprices.gr/files/deltia/EBDOM_DELTIO_24_10_2014.pdf
2014-10-31,UNLEADED_100,1.949,http://www.fuelprices.gr/files/deltia/EBDOM_DELTIO_31_10_2014.pdf
2014-11-07,UNLEADED_100,1.946,http://www.fuelprices.gr/files/deltia/EBDOM_DELTIO_07_11_2014.pdf
2014-11-14,UNLEADED_100,1.938,http://www.fuelprices.gr/files/deltia/EBDOM_DELTIO_14_11_2014.pdf
2014-11-21,UNLEADED_100,1.938,http://www.fuelprices.gr/files/deltia/EBDOM_DELTIO_21_11_2014.pdf
2014-11-28,UNLEADED_100,1.925,http://www.fuelprices.gr/files/deltia/EBDOM_DELTIO_28_11_2014.pdf
2014-12-05,UNLEADED_100,1.925,http://www.fuelprices.gr/files/deltia/EBDOM_DELTIO_05_12_2014.pdf
2014-12-12,UNLEADED_100,1.897,http://www.fuelprices.gr/files/deltia/EBDOM_DELTIO_12_12_2014.pdf
2014-12-19,UNLEADED_100,1.864,http://www.fuelprices.gr/files/deltia/EBDOM_DELTIO_19_12_2014.pdf
2014-12-26,UNLEADED_100,1.866,http://www.fuelprices.gr/files/deltia/EBDOM_DELTIO_26_12_2014.pdf
2014-01-03,UNLEADED_95,1.724,http://www.fuelprices.gr/files/deltia/EBDOM_DELTIO_03_01_2014.pdf
2014-01-10,UNLEADED_95,1.711,http://www.fuelprices.gr/files/deltia/EBDOM_DELTIO_10_01_2014.pdf
2014-01-17,UNLEADED_95,1.71,http://www.fuelprices.gr/files/deltia/EBDOM_DELTIO_17_01_2014.pdf
2014-01-24,UNLEADED_95,1.711,http://www.fuelprices.gr/files/deltia/EBDOM_DELTIO_24_01_2014.pdf
2014-01-31,UNLEADED_95,1.711,http://www.fuelprices.gr/files/deltia/EBDOM_DELTIO_31_01_2014.pdf
2014-02-07,UNLEADED_95,1.718,http://www.fuelprices.gr/files/deltia/EBDOM_DELTIO_07_02_2014.pdf
2014-02-14,UNLEADED_95,1.719,http://www.fuelprices.gr/files/deltia/EBDOM_DELTIO_14_02_2014.pdf
2014-02-21,UNLEADED_95,1.735,http://www.fuelprices.gr/files/deltia/EBDOM_DELTIO_21_02_2014.pdf
2014-02-28,UNLEADED_95,1.738,http://www.fuelprices.gr/files/deltia/EBDOM_DELTIO_28_02_2014.pdf
2014-03-07,UNLEADED_95,1.738,http://www.fuelprices.gr/files/deltia/EBDOM_DELTIO_07_03_2014.pdf
2014-03-14,UNLEADED_95,1.732,http://www.fuelprices.gr/files/deltia/EBDOM_DELTIO_14_03_2014.pdf
2014-03-21,UNLEADED_95,1.724,http://www.fuelprices.gr/files/deltia/EBDOM_DELTIO_21_03_2014.pdf
2014-03-28,UNLEADED_95,1.725,http://www.fuelprices.gr/files/deltia/EBDOM_DELTIO_28_03_2014.pdf
2014-04-04,UNLEADED_95,1.735,http://www.fuelprices.gr/files/deltia/EBDOM_DELTIO_04_04_2014.pdf
2014-04-11,UNLEADED_95,1.731,http://www.fuelprices.gr/files/deltia/EBDOM_DELTIO_11_04_2014.pdf
2014-04-18,UNLEADED_95,1.749,http://www.fuelprices.gr/files/deltia/EBDOM_DELTIO_18_04_2014.pdf
2014-04-25,UNLEADED_95,1.751,http://www.fuelprices.gr/files/deltia/EBDOM_DELTIO_25_04_2014.pdf
2014-05-02,UNLEADED_95,1.752,http://www.fuelprices.gr/files/deltia/EBDOM_DELTIO_02_05_2014.pdf
2014-05-09,UNLEADED_95,1.748,http://www.fuelprices.gr/files/deltia/EBDOM_DELTIO_09_05_2014.pdf
2014-05-16,UNLEADED_95,1.741,http://www.fuelprices.gr/files/deltia/EBDOM_DELTIO_16_05_2014.pdf
2014-05-23,UNLEADED_95,1.745,http://www.fuelprices.gr/files/deltia/EBDOM_DELTIO_23_05_2014.pdf
2014-05-30,UNLEADED_95,1.749,http://www.fuelprices.gr/files/deltia/EBDOM_DELTIO_30_05_2014.pdf
2014-06-06,UNLEADED_95,1.749,http://www.fuelprices.gr/files/deltia/EBDOM_DELTIO_06_06_2014.pdf
2014-06-13,UNLEADED_95,1.747,http://www.fuelprices.gr/files/deltia/EBDOM_DELTIO_13_06_2014.pdf
2014-06-20,UNLEADED_95,1.76,http://www.fuelprices.gr/files/deltia/EBDOM_DELTIO_20_06_2014.pdf
2014-06-27,UNLEADED_95,1.774,http://www.fuelprices.gr/files/deltia/EBDOM_DELTIO_27_06_2014.pdf
2014-07-04,UNLEADED_95,1.785,http://www.fuelprices.gr/files/deltia/EBDOM_DELTIO_04_07_2014.pdf
2014-07-11,UNLEADED_95,1.777,http://www.fuelprices.gr/files/deltia/EBDOM_DELTIO_11_07_2014.pdf
2014-07-18,UNLEADED_95,1.772,http://www.fuelprices.gr/files/deltia/EBDOM_DELTIO_18_07_2014.pdf
2014-07-25,UNLEADED_95,1.772,http://www.fuelprices.gr/files/deltia/EBDOM_DELTIO_25_07_2014.pdf
2014-08-01,UNLEADED_95,1.762,http://www.fuelprices.gr/files/deltia/EBDOM_DELTIO_01_08_2014.pdf
2014-08-08,UNLEADED_95,1.749,http://www.fuelprices.gr/files/deltia/EBDOM_DELTIO_08_08_2014.pdf
2014-08-15,UNLEADED_95,1.74,http://www.fuelprices.gr/files/deltia/EBDOM_DELTIO_15_08_2014.pdf
2014-08-22,UNLEADED_95,1.737,http://www.fuelprices.gr/files/deltia/EBDOM_DELTIO_22_08_2014.pdf
2014-08-29,UNLEADED_95,1.729,http://www.fuelprices.gr/files/deltia/EBDOM_DELTIO_29_08_2014.pdf
2014-09-05,UNLEADED_95,1.727,http://www.fuelprices.gr/files/deltia/EBDOM_DELTIO_05_09_2014.pdf
2014-09-12,UNLEADED_95,1.726,http://www.fuelprices.gr/files/deltia/EBDOM_DELTIO_12_09_2014.pdf
2014-09-19,UNLEADED_95,1.726,http://www.fuelprices.gr/files/deltia/EBDOM_DELTIO_19_09_2014.pdf
2014-09-26,UNLEADED_95,1.726,http://www.fuelprices.gr/files/deltia/EBDOM_DELTIO_26_09_2014.pdf
2014-10-03,UNLEADED_95,1.726,http://www.fuelprices.gr/files/deltia/EBDOM_DELTIO_03_10_2014.pdf
2014-10-10,UNLEADED_95,1.726,http://www.fuelprices.gr/files/deltia/EBDOM_DELTIO_10_10_2014.pdf
2014-10-17,UNLEADED_95,1.691,http://www.fuelprices.gr/files/deltia/EBDOM_DELTIO_17_10_2014.pdf
2014-10-24,UNLEADED_95,1.666,http://www.fuelprices.gr/files/deltia/EBDOM_DELTIO_24_10_2014.pdf
2014-10-31,UNLEADED_95,1.658,http://www.fuelprices.gr/files/deltia/EBDOM_DELTIO_31_10_2014.pdf
2014-11-07,UNLEADED_95,1.648,http://www.fuelprices.gr/files/deltia/EBDOM_DELTIO_07_11_2014.pdf
2014-11-14,UNLEADED_95,1.655,http://www.fuelprices.gr/files/deltia/EBDOM_DELTIO_14_11_2014.pdf
2014-11-21,UNLEADED_95,1.639,http://www.fuelprices.gr/files/deltia/EBDOM_DELTIO_21_11_2014.pdf
2014-11-28,UNLEADED_95,1.624,http://www.fuelprices.gr/files/deltia/EBDOM_DELTIO_28_11_2014.pdf
2014-12-05,UNLEADED_95,1.59,http://www.fuelprices.gr/files/deltia/EBDOM_DELTIO_05_12_2014.pdf
2014-12-12,UNLEADED_95,1.556,http://www.fuelprices.gr/files/deltia/EBDOM_DELTIO_12_12_2014.pdf
2014-12-19,UNLEADED_95,1.496,http://www.fuelprices.gr/files/deltia/EBDOM_DELTIO_19_12_2014.pdf
2014-12-26,UNLEADED_95,1.49,http://www.fuelprices.gr/files/deltia/EBDOM_DELTIO_26_12_2014.pdf
2015-01-02,DIESEL,1.207,http://www.fuelprices.gr/files/deltia/EBDOM_DELTIO_02_01_2015.pdf
2015-01-09,DIESEL,1.185,http://www.fuelprices.gr/files/deltia/EBDOM_DELTIO_09_01_2015.pdf
2015-01-16,DIESEL,1.163,http://www.fuelprices.gr/files/deltia/EBDOM_DELTIO_16_01_2015.pdf
2015-01-23,DIESEL,1.157,http://www.fuelprices.gr/files/deltia/EBDOM_DELTIO_23_01_2015.pdf
2015-01-30,DIESEL,1.159,http://www.fuelprices.gr/files/deltia/EBDOM_DELTIO_30_01_2015.pdf
2015-02-06,DIESEL,1.192,http://www.fuelprices.gr/files/deltia/EBDOM_DELTIO_06_02_2015.pdf
2015-02-13,DIESEL,1.219,http://www.fuelprices.gr/files/deltia/EBDOM_DELTIO_13_02_2015.pdf
2015-02-20,DIESEL,1.24,http://www.fuelprices.gr/files/deltia/EBDOM_DELTIO_20_02_2015.pdf
2015-02-27,DIESEL,1.247,http://www.fuelprices.gr/files/deltia/EBDOM_DELTIO_27_02_2015.pdf
2015-03-06,DIESEL,1.266,http://www.fuelprices.gr/files/deltia/EBDOM_DELTIO_02_03_2015.pdf
2015-03-13,DIESEL,1.27,http://www.fuelprices.gr/files/deltia/EBDOM_DELTIO_13_03_2015.pdf
2015-03-20,DIESEL,1.267,http://www.fuelprices.gr/files/deltia/EBDOM_DELTIO_20_03_2015.pdf
2015-03-27,DIESEL,1.266,http://www.fuelprices.gr/files/deltia/EBDOM_DELTIO_27_03_2015.pdf
2015-04-03,DIESEL,1.264,http://www.fuelprices.gr/files/deltia/EBDOM_DELTIO_03_04_2015.pdf
2015-04-10,DIESEL,1.264,http://www.fuelprices.gr/files/deltia/EBDOM_DELTIO_10_04_2015.pdf
2015-04-17,DIESEL,1.275,http://www.fuelprices.gr/files/deltia/EBDOM_DELTIO_17_04_2015.pdf
2015-04-24,DIESEL,1.292,http://www.fuelprices.gr/files/deltia/EBDOM_DELTIO_24_04_2015.pdf
2015-05-01,DIESEL,1.296,http://www.fuelprices.gr/files/deltia/EBDOM_DELTIO_01_05_2015.pdf
2015-05-08,DIESEL,1.301,http://www.fuelprices.gr/files/deltia/EBDOM_DELTIO_08_05_2015.pdf
2015-05-15,DIESEL,1.301,http://www.fuelprices.gr/files/deltia/EBDOM_DELTIO_15_05_2015.pdf
2015-05-22,DIESEL,1.298,http://www.fuelprices.gr/files/deltia/EBDOM_DELTIO_22_05_2015.pdf
2015-05-29,DIESEL,1.296,http://www.fuelprices.gr/files/deltia/EBDOM_DELTIO_29_05_2015.pdf
2015-06-05,DIESEL,1.3,http://www.fuelprices.gr/files/deltia/EBDOM_DELTIO_05_06_2015.pdf
2015-06-12,DIESEL,1.301,http://www.fuelprices.gr/files/deltia/EBDOM_DELTIO_12_06_2015.pdf
2015-06-19,DIESEL,1.298,http://www.fuelprices.gr/files/deltia/EBDOM_DELTIO_19_06_2015.pdf
2015-06-26,DIESEL,1.295,http://www.fuelprices.gr/files/deltia/EBDOM_DELTIO_26_06_2015.pdf
2015-07-03,DIESEL,1.293,http://www.fuelprices.gr/files/deltia/EBDOM_DELTIO_03_07_2015.pdf
2015-07-10,DIESEL,1.293,http://www.fuelprices.gr/files/deltia/EBDOM_DELTIO_10_07_2015.pdf
2015-07-17,DIESEL,1.291,http://www.fuelprices.gr/files/deltia/EBDOM_DELTIO_17_07_2015.pdf
2015-07-24,DIESEL,1.264,http://www.fuelprices.gr/files/deltia/EBDOM_DELTIO_24_07_2015.pdf
2015-07-31,DIESEL,1.233,http://www.fuelprices.gr/files/deltia/EBDOM_DELTIO_31_07_2015.pdf
2015-08-07,DIESEL,1.224,http://www.fuelprices.gr/files/deltia/EBDOM_DELTIO_07_08_2015.pdf
2015-08-14,DIESEL,1.211,http://www.fuelprices.gr/files/deltia/EBDOM_DELTIO_14_08_2015.pdf
2015-08-21,DIESEL,1.202,http://www.fuelprices.gr/files/deltia/EBDOM_DELTIO_21_08_2015.pdf
2015-08-28,DIESEL,1.184,http://www.fuelprices.gr/files/deltia/EBDOM_DELTIO_28_08_2015.pdf
2015-09-04,DIESEL,1.183,http://www.fuelprices.gr/files/deltia/EBDOM_DELTIO_04_09_2015.pdf
2015-09-11,DIESEL,1.198,http://www.fuelprices.gr/files/deltia/EBDOM_DELTIO_11_09_2015.pdf
2015-09-25,DIESEL,1.189,http://www.fuelprices.gr/files/deltia/EBDOM_DELTIO_25_09_2015.pdf
2015-10-02,DIESEL,1.187,http://www.fuelprices.gr/files/deltia/EBDOM_DELTIO_02_10_2015.pdf
2015-10-09,DIESEL,1.185,http://www.fuelprices.gr/files/deltia/EBDOM_DELTIO_09_10_2015.pdf
2015-10-16,DIESEL,1.186,http://www.fuelprices.gr/files/deltia/EBDOM_DELTIO_16_10_2015.pdf
2015-10-23,DIESEL,1.18,http://www.fuelprices.gr/files/deltia/EBDOM_DELTIO_23_10_2015.pdf
2015-10-30,DIESEL,1.175,http://www.fuelprices.gr/files/deltia/EBDOM_DELTIO_30_10_2015.pdf
2015-11-06,DIESEL,1.183,http://www.fuelprices.gr/files/deltia/EBDOM_DELTIO_06_11_2015.pdf
2015-11-13,DIESEL,1.183,http://www.fuelprices.gr/files/deltia/EBDOM_DELTIO_13_11_2015.pdf
2015-11-20,DIESEL,1.181,http://www.fuelprices.gr/files/deltia/EBDOM_DELTIO_20_11_2015.pdf
2015-11-27,DIESEL,1.181,http://www.fuelprices.gr/files/deltia/EBDOM_DELTIO_27_11_2015.pdf
2015-12-04,DIESEL,1.18,http://www.fuelprices.gr/files/deltia/EBDOM_DELTIO_04_12_2015.pdf
2015-12-11,DIESEL,1.165,http://www.fuelprices.gr/files/deltia/EBDOM_DELTIO_11_12_2015.pdf
2015-12-18,DIESEL,1.145,http://www.fuelprices.gr/files/deltia/EBDOM_DELTIO_18_12_2015.pdf
2015-12-25,DIESEL,1.095,http://www.fuelprices.gr/files/deltia/EBDOM_DELTIO_25_12_2015.pdf
2015-01-02,DIESEL_HEATING,0.729,http://www.fuelprices.gr/files/deltia/EBDOM_DELTIO_02_01_2015.pdf
2015-01-09,DIESEL_HEATING,0.705,http://www.fuelprices.gr/files/deltia/EBDOM_DELTIO_09_01_2015.pdf
2015-01-16,DIESEL_HEATING,0.705,http://www.fuelprices.gr/files/deltia/EBDOM_DELTIO_16_01_2015.pdf
2015-01-23,DIESEL_HEATING,0.869,http://www.fuelprices.gr/files/deltia/EBDOM_DELTIO_23_01_2015.pdf
2015-01-30,DIESEL_HEATING,0.715,http://www.fuelprices.gr/files/deltia/EBDOM_DELTIO_30_01_2015.pdf
2015-02-06,DIESEL_HEATING,0.715,http://www.fuelprices.gr/files/deltia/EBDOM_DELTIO_06_02_2015.pdf
2015-02-13,DIESEL_HEATING,0.765,http://www.fuelprices.gr/files/deltia/EBDOM_DELTIO_13_02_2015.pdf
2015-02-20,DIESEL_HEATING,0.785,http://www.fuelprices.gr/files/deltia/EBDOM_DELTIO_20_02_2015.pdf
2015-02-27,DIESEL_HEATING,0.815,http://www.fuelprices.gr/files/deltia/EBDOM_DELTIO_27_02_2015.pdf
2015-03-06,DIESEL_HEATING,0.815,http://www.fuelprices.gr/files/deltia/EBDOM_DELTIO_02_03_2015.pdf
2015-03-13,DIESEL_HEATING,0.815,http://www.fuelprices.gr/files/deltia/EBDOM_DELTIO_13_03_2015.pdf
2015-03-20,DIESEL_HEATING,0.865,http://www.fuelprices.gr/files/deltia/EBDOM_DELTIO_20_03_2015.pdf
2015-03-27,DIESEL_HEATING,0.865,http://www.fuelprices.gr/files/deltia/EBDOM_DELTIO_27_03_2015.pdf
2015-04-03,DIESEL_HEATING,0.789,http://www.fuelprices.gr/files/deltia/EBDOM_DELTIO_03_04_2015.pdf
2015-04-10,DIESEL_HEATING,0.769,http://www.fuelprices.gr/files/deltia/EBDOM_DELTIO_10_04_2015.pdf
2015-04-17,DIESEL_HEATING,0.769,http://www.fuelprices.gr/files/deltia/EBDOM_DELTIO_17_04_2015.pdf
2015-04-24,DIESEL_HEATING,0.749,http://www.fuelprices.gr/files/deltia/EBDOM_DELTIO_24_04_2015.pdf
2015-10-16,DIESEL_HEATING,0.749,http://www.fuelprices.gr/files/deltia/EBDOM_DELTIO_16_10_2015.pdf
2015-10-23,DIESEL_HEATING,0.749,http://www.fuelprices.gr/files/deltia/EBDOM_DELTIO_23_10_2015.pdf
2015-10-30,DIESEL_HEATING,0.749,http://www.fuelprices.gr/files/deltia/EBDOM_DELTIO_30_10_2015.pdf
2015-11-20,DIESEL_HEATING,0.735,http://www.fuelprices.gr/files/deltia/EBDOM_DELTIO_20_11_2015.pdf
2015-11-27,DIESEL_HEATING,0.735,http://www.fuelprices.gr/files/deltia/EBDOM_DELTIO_27_11_2015.pdf
2015-12-18,DIESEL_HEATING,0.729,http://www.fuelprices.gr/files/deltia/EBDOM_DELTIO_18_12_2015.pdf
2015-12-25,DIESEL_HEATING,0.729,http://www.fuelprices.gr/files/deltia/EBDOM_DELTIO_25_12_2015.pdf
2015-05-01,GAS,0.749,http://www.fuelprices.gr/files/deltia/EBDOM_DELTIO_01_05_2015.pdf
2015-05-08,GAS,0.749,http://www.fuelprices.gr/files/deltia/EBDOM_DELTIO_08_05_2015.pdf
2015-05-15,GAS,0.749,http://www.fuelprices.gr/files/deltia/EBDOM_DELTIO_15_05_2015.pdf
2015-05-22,GAS,0.759,http://www.fuelprices.gr/files/deltia/EBDOM_DELTIO_22_05_2015.pdf
2015-05-29,GAS,0.78,http://www.fuelprices.gr/files/deltia/EBDOM_DELTIO_29_05_2015.pdf
2015-06-05,GAS,0.719,http://www.fuelprices.gr/files/deltia/EBDOM_DELTIO_05_06_2015.pdf
2015-06-12,GAS,0.719,http://www.fuelprices.gr/files/deltia/EBDOM_DELTIO_12_06_2015.pdf
2015-06-19,GAS,0.689,http://www.fuelprices.gr/files/deltia/EBDOM_DELTIO_19_06_2015.pdf
2015-06-26,GAS,0.689,http://www.fuelprices.gr/files/deltia/EBDOM_DELTIO_26_06_2015.pdf
2015-07-03,GAS,0.689,http://www.fuelprices.gr/files/deltia/EBDOM_DELTIO_03_07_2015.pdf
2015-07-10,GAS,0.729,http://www.fuelprices.gr/files/deltia/EBDOM_DELTIO_10_07_2015.pdf
2015-07-17,GAS,0.729,http://www.fuelprices.gr/files/deltia/EBDOM_DELTIO_17_07_2015.pdf
2015-07-24,GAS,0.698,http://www.fuelprices.gr/files/deltia/EBDOM_DELTIO_24_07_2015.pdf
2015-07-31,GAS,0.698,http://www.fuelprices.gr/files/deltia/EBDOM_DELTIO_31_07_2015.pdf
2015-08-07,GAS,0.698,http://www.fuelprices.gr/files/deltia/EBDOM_DELTIO_07_08_2015.pdf
2015-08-14,GAS,0.698,http://www.fuelprices.gr/files/deltia/EBDOM_DELTIO_14_08_2015.pdf
2015-08-21,GAS,0.689,http://www.fuelprices.gr/files/deltia/EBDOM_DELTIO_21_08_2015.pdf
2015-08-28,GAS,0.689,http://www.fuelprices.gr/files/deltia/EBDOM_DELTIO_28_08_2015.pdf
2015-09-04,GAS,0.689,http://www.fuelprices.gr/files/deltia/EBDOM_DELTIO_04_09_2015.pdf
2015-09-11,GAS,0.698,http://www.fuelprices.gr/files/deltia/EBDOM_DELTIO_11_09_2015.pdf
2015-09-25,GAS,0.729,http://www.fuelprices.gr/files/deltia/EBDOM_DELTIO_25_09_2015.pdf
2015-10-02,GAS,0.729,http://www.fuelprices.gr/files/deltia/EBDOM_DELTIO_02_10_2015.pdf
2015-10-09,GAS,0.739,http://www.fuelprices.gr/files/deltia/EBDOM_DELTIO_09_10_2015.pdf
2015-01-02,SUPER,1.715,http://www.fuelprices.gr/files/deltia/EBDOM_DELTIO_02_01_2015.pdf
2015-01-09,SUPER,1.685,http://www.fuelprices.gr/files/deltia/EBDOM_DELTIO_09_01_2015.pdf
2015-01-16,SUPER,1.685,http://www.fuelprices.gr/files/deltia/EBDOM_DELTIO_16_01_2015.pdf
2015-01-23,SUPER,1.685,http://www.fuelprices.gr/files/deltia/EBDOM_DELTIO_23_01_2015.pdf
2015-01-30,SUPER,1.685,http://www.fuelprices.gr/files/deltia/EBDOM_DELTIO_30_01_2015.pdf
2015-02-06,SUPER,1.685,http://www.fuelprices.gr/files/deltia/EBDOM_DELTIO_06_02_2015.pdf
2015-02-13,SUPER,1.685,http://www.fuelprices.gr/files/deltia/EBDOM_DELTIO_13_02_2015.pdf
2015-02-20,SUPER,1.685,http://www.fuelprices.gr/files/deltia/EBDOM_DELTIO_20_02_2015.pdf
2015-02-27,SUPER,1.685,http://www.fuelprices.gr/files/deltia/EBDOM_DELTIO_27_02_2015.pdf
2015-03-06,SUPER,1.702,http://www.fuelprices.gr/files/deltia/EBDOM_DELTIO_02_03_2015.pdf
2015-03-13,SUPER,1.73,http://www.fuelprices.gr/files/deltia/EBDOM_DELTIO_13_03_2015.pdf
2015-03-20,SUPER,1.73,http://www.fuelprices.gr/files/deltia/EBDOM_DELTIO_20_03_2015.pdf
2015-03-27,SUPER,1.702,http://www.fuelprices.gr/files/deltia/EBDOM_DELTIO_27_03_2015.pdf
2015-04-03,SUPER,1.702,http://www.fuelprices.gr/files/deltia/EBDOM_DELTIO_03_04_2015.pdf
2015-04-10,SUPER,1.702,http://www.fuelprices.gr/files/deltia/EBDOM_DELTIO_10_04_2015.pdf
2015-04-17,SUPER,1.702,http://www.fuelprices.gr/files/deltia/EBDOM_DELTIO_17_04_2015.pdf
2015-04-24,SUPER,1.722,http://www.fuelprices.gr/files/deltia/EBDOM_DELTIO_24_04_2015.pdf
2015-05-01,SUPER,1.722,http://www.fuelprices.gr/files/deltia/EBDOM_DELTIO_01_05_2015.pdf
2015-05-08,SUPER,1.722,http://www.fuelprices.gr/files/deltia/EBDOM_DELTIO_08_05_2015.pdf
2015-05-15,SUPER,1.722,http://www.fuelprices.gr/files/deltia/EBDOM_DELTIO_15_05_2015.pdf
2015-05-22,SUPER,1.73,http://www.fuelprices.gr/files/deltia/EBDOM_DELTIO_22_05_2015.pdf
2015-05-29,SUPER,1.73,http://www.fuelprices.gr/files/deltia/EBDOM_DELTIO_29_05_2015.pdf
2015-06-05,SUPER,1.73,http://www.fuelprices.gr/files/deltia/EBDOM_DELTIO_05_06_2015.pdf
2015-06-12,SUPER,1.73,http://www.fuelprices.gr/files/deltia/EBDOM_DELTIO_12_06_2015.pdf
2015-06-19,SUPER,1.749,http://www.fuelprices.gr/files/deltia/EBDOM_DELTIO_19_06_2015.pdf
2015-06-26,SUPER,1.749,http://www.fuelprices.gr/files/deltia/EBDOM_DELTIO_26_06_2015.pdf
2015-07-03,SUPER,1.749,http://www.fuelprices.gr/files/deltia/EBDOM_DELTIO_03_07_2015.pdf
2015-07-10,SUPER,1.749,http://www.fuelprices.gr/files/deltia/EBDOM_DELTIO_10_07_2015.pdf
2015-07-17,SUPER,1.749,http://www.fuelprices.gr/files/deltia/EBDOM_DELTIO_17_07_2015.pdf
2015-07-24,SUPER,1.73,http://www.fuelprices.gr/files/deltia/EBDOM_DELTIO_24_07_2015.pdf
2015-07-31,SUPER,1.73,http://www.fuelprices.gr/files/deltia/EBDOM_DELTIO_31_07_2015.pdf
2015-08-07,SUPER,1.73,http://www.fuelprices.gr/files/deltia/EBDOM_DELTIO_07_08_2015.pdf
2015-08-14,SUPER,1.73,http://www.fuelprices.gr/files/deltia/EBDOM_DELTIO_14_08_2015.pdf
2015-08-21,SUPER,1.702,http://www.fuelprices.gr/files/deltia/EBDOM_DELTIO_21_08_2015.pdf
2015-08-28,SUPER,1.702,http://www.fuelprices.gr/files/deltia/EBDOM_DELTIO_28_08_2015.pdf
2015-09-04,SUPER,1.702,http://www.fuelprices.gr/files/deltia/EBDOM_DELTIO_04_09_2015.pdf
2015-09-11,SUPER,1.702,http://www.fuelprices.gr/files/deltia/EBDOM_DELTIO_11_09_2015.pdf
2015-09-25,SUPER,1.702,http://www.fuelprices.gr/files/deltia/EBDOM_DELTIO_25_09_2015.pdf
2015-10-02,SUPER,1.702,http://www.fuelprices.gr/files/deltia/EBDOM_DELTIO_02_10_2015.pdf
2015-10-09,SUPER,1.702,http://www.fuelprices.gr/files/deltia/EBDOM_DELTIO_09_10_2015.pdf
2015-10-16,SUPER,1.702,http://www.fuelprices.gr/files/deltia/EBDOM_DELTIO_16_10_2015.pdf
2015-10-23,SUPER,1.702,http://www.fuelprices.gr/files/deltia/EBDOM_DELTIO_23_10_2015.pdf
2015-10-30,SUPER,1.702,http://www.fuelprices.gr/files/deltia/EBDOM_DELTIO_30_10_2015.pdf
2015-11-06,SUPER,1.652,http://www.fuelprices.gr/files/deltia/EBDOM_DELTIO_06_11_2015.pdf
2015-11-13,SUPER,1.652,http://www.fuelprices.gr/files/deltia/EBDOM_DELTIO_13_11_2015.pdf
2015-11-20,SUPER,1.652,http://www.fuelprices.gr/files/deltia/EBDOM_DELTIO_20_11_2015.pdf
2015-11-27,SUPER,1.652,http://www.fuelprices.gr/files/deltia/EBDOM_DELTIO_27_11_2015.pdf
2015-12-04,SUPER,1.652,http://www.fuelprices.gr/files/deltia/EBDOM_DELTIO_04_12_2015.pdf
2015-12-11,SUPER,1.652,http://www.fuelprices.gr/files/deltia/EBDOM_DELTIO_11_12_2015.pdf
2015-12-18,SUPER,1.652,http://www.fuelprices.gr/files/deltia/EBDOM_DELTIO_18_12_2015.pdf
2015-12-25,SUPER,1.652,http://www.fuelprices.gr/files/deltia/EBDOM_DELTIO_25_12_2015.pdf
2015-01-02,UNLEADED_100,1.869,http://www.fuelprices.gr/files/deltia/EBDOM_DELTIO_02_01_2015.pdf
2015-01-09,UNLEADED_100,1.838,http://www.fuelprices.gr/files/deltia/EBDOM_DELTIO_09_01_2015.pdf
2015-01-16,UNLEADED_100,1.823,http://www.fuelprices.gr/files/deltia/EBDOM_DELTIO_16_01_2015.pdf
2015-01-23,UNLEADED_100,1.791,http://www.fuelprices.gr/files/deltia/EBDOM_DELTIO_23_01_2015.pdf
2015-01-30,UNLEADED_100,1.791,http://www.fuelprices.gr/files/deltia/EBDOM_DELTIO_30_01_2015.pdf
2015-02-06,UNLEADED_100,1.779,http://www.fuelprices.gr/files/deltia/EBDOM_DELTIO_06_02_2015.pdf
2015-02-13,UNLEADED_100,1.787,http://www.fuelprices.gr/files/deltia/EBDOM_DELTIO_13_02_2015.pdf
2015-02-20,UNLEADED_100,1.793,http://www.fuelprices.gr/files/deltia/EBDOM_DELTIO_20_02_2015.pdf
2015-02-27,UNLEADED_100,1.798,http://www.fuelprices.gr/files/deltia/EBDOM_DELTIO_27_02_2015.pdf
2015-03-06,UNLEADED_100,1.813,http://www.fuelprices.gr/files/deltia/EBDOM_DELTIO_02_03_2015.pdf
2015-03-13,UNLEADED_100,1.817,http://www.fuelprices.gr/files/deltia/EBDOM_DELTIO_13_03_2015.pdf
2015-03-20,UNLEADED_100,1.817,http://www.fuelprices.gr/files/deltia/EBDOM_DELTIO_20_03_2015.pdf
2015-03-27,UNLEADED_100,1.82,http://www.fuelprices.gr/files/deltia/EBDOM_DELTIO_27_03_2015.pdf
2015-04-03,UNLEADED_100,1.825,http://www.fuelprices.gr/files/deltia/EBDOM_DELTIO_03_04_2015.pdf
2015-04-10,UNLEADED_100,1.825,http://www.fuelprices.gr/files/deltia/EBDOM_DELTIO_10_04_2015.pdf
2015-04-17,UNLEADED_100,1.83,http://www.fuelprices.gr/files/deltia/EBDOM_DELTIO_17_04_2015.pdf
2015-04-24,UNLEADED_100,1.856,http://www.fuelprices.gr/files/deltia/EBDOM_DELTIO_24_04_2015.pdf
2015-05-01,UNLEADED_100,1.837,http://www.fuelprices.gr/files/deltia/EBDOM_DELTIO_01_05_2015.pdf
2015-05-08,UNLEADED_100,1.837,http://www.fuelprices.gr/files/deltia/EBDOM_DELTIO_08_05_2015.pdf
2015-05-15,UNLEADED_100,1.837,http://www.fuelprices.gr/files/deltia/EBDOM_DELTIO_15_05_2015.pdf
2015-05-22,UNLEADED_100,1.837,http://www.fuelprices.gr/files/deltia/EBDOM_DELTIO_22_05_2015.pdf
2015-05-29,UNLEADED_100,1.834,http://www.fuelprices.gr/files/deltia/EBDOM_DELTIO_29_05_2015.pdf
2015-06-05,UNLEADED_100,1.845,http://www.fuelprices.gr/files/deltia/EBDOM_DELTIO_05_06_2015.pdf
2015-06-12,UNLEADED_100,1.847,http://www.fuelprices.gr/files/deltia/EBDOM_DELTIO_12_06_2015.pdf
2015-06-19,UNLEADED_100,1.851,http://www.fuelprices.gr/files/deltia/EBDOM_DELTIO_19_06_2015.pdf
2015-06-26,UNLEADED_100,1.851,http://www.fuelprices.gr/files/deltia/EBDOM_DELTIO_26_06_2015.pdf
2015-07-03,UNLEADED_100,1.851,http://www.fuelprices.gr/files/deltia/EBDOM_DELTIO_03_07_2015.pdf
2015-07-10,UNLEADED_100,1.851,http://www.fuelprices.gr/files/deltia/EBDOM_DELTIO_10_07_2015.pdf
2015-07-17,UNLEADED_100,1.883,http://www.fuelprices.gr/files/deltia/EBDOM_DELTIO_17_07_2015.pdf
2015-07-24,UNLEADED_100,1.858,http://www.fuelprices.gr/files/deltia/EBDOM_DELTIO_24_07_2015.pdf
2015-07-31,UNLEADED_100,1.858,http://www.fuelprices.gr/files/deltia/EBDOM_DELTIO_31_07_2015.pdf
2015-08-07,UNLEADED_100,1.858,http://www.fuelprices.gr/files/deltia/EBDOM_DELTIO_07_08_2015.pdf
2015-08-14,UNLEADED_100,1.857,http://www.fuelprices.gr/files/deltia/EBDOM_DELTIO_14_08_2015.pdf
2015-08-21,UNLEADED_100,1.857,http://www.fuelprices.gr/files/deltia/EBDOM_DELTIO_21_08_2015.pdf
2015-08-28,UNLEADED_100,1.84,http://www.fuelprices.gr/files/deltia/EBDOM_DELTIO_28_08_2015.pdf
2015-09-04,UNLEADED_100,1.824,http://www.fuelprices.gr/files/deltia/EBDOM_DELTIO_04_09_2015.pdf
2015-09-11,UNLEADED_100,1.802,http://www.fuelprices.gr/files/deltia/EBDOM_DELTIO_11_09_2015.pdf
2015-09-25,UNLEADED_100,1.794,http://www.fuelprices.gr/files/deltia/EBDOM_DELTIO_25_09_2015.pdf
2015-10-02,UNLEADED_100,1.794,http://www.fuelprices.gr/files/deltia/EBDOM_DELTIO_02_10_2015.pdf
2015-10-09,UNLEADED_100,1.794,http://www.fuelprices.gr/files/deltia/EBDOM_DELTIO_09_10_2015.pdf
2015-10-16,UNLEADED_100,1.794,http://www.fuelprices.gr/files/deltia/EBDOM_DELTIO_16_10_2015.pdf
2015-10-23,UNLEADED_100,1.794,http://www.fuelprices.gr/files/deltia/EBDOM_DELTIO_23_10_2015.pdf
2015-10-30,UNLEADED_100,1.794,http://www.fuelprices.gr/files/deltia/EBDOM_DELTIO_30_10_2015.pdf
2015-11-06,UNLEADED_100,1.794,http://www.fuelprices.gr/files/deltia/EBDOM_DELTIO_06_11_2015.pdf
2015-11-13,UNLEADED_100,1.807,http://www.fuelprices.gr/files/deltia/EBDOM_DELTIO_13_11_2015.pdf
2015-11-20,UNLEADED_100,1.807,http://www.fuelprices.gr/files/deltia/EBDOM_DELTIO_20_11_2015.pdf
2015-11-27,UNLEADED_100,1.794,http://www.fuelprices.gr/files/deltia/EBDOM_DELTIO_27_11_2015.pdf
2015-12-04,UNLEADED_100,1.794,http://www.fuelprices.gr/files/deltia/EBDOM_DELTIO_04_12_2015.pdf
2015-12-11,UNLEADED_100,1.794,http://www.fuelprices.gr/files/deltia/EBDOM_DELTIO_11_12_2015.pdf
2015-12-18,UNLEADED_100,1.794,http://www.fuelprices.gr/files/deltia/EBDOM_DELTIO_18_12_2015.pdf
2015-12-25,UNLEADED_100,1.794,http://www.fuelprices.gr/files/deltia/EBDOM_DELTIO_25_12_2015.pdf
2015-01-02,UNLEADED_95,1.482,http://www.fuelprices.gr/files/deltia/EBDOM_DELTIO_02_01_2015.pdf
2015-01-09,UNLEADED_95,1.464,http://www.fuelprices.gr/files/deltia/EBDOM_DELTIO_09_01_2015.pdf
2015-01-16,UNLEADED_95,1.444,http://www.fuelprices.gr/files/deltia/EBDOM_DELTIO_16_01_2015.pdf
2015-01-23,UNLEADED_95,1.443,http://www.fuelprices.gr/files/deltia/EBDOM_DELTIO_23_01_2015.pdf
2015-01-30,UNLEADED_95,1.444,http://www.fuelprices.gr/files/deltia/EBDOM_DELTIO_30_01_2015.pdf
2015-02-06,UNLEADED_95,1.48,http://www.fuelprices.gr/files/deltia/EBDOM_DELTIO_06_02_2015.pdf
2015-02-13,UNLEADED_95,1.499,http://www.fuelprices.gr/files/deltia/EBDOM_DELTIO_13_02_2015.pdf
2015-02-20,UNLEADED_95,1.532,http://www.fuelprices.gr/files/deltia/EBDOM_DELTIO_20_02_2015.pdf
2015-02-27,UNLEADED_95,1.541,http://www.fuelprices.gr/files/deltia/EBDOM_DELTIO_27_02_2015.pdf
2015-03-06,UNLEADED_95,1.568,http://www.fuelprices.gr/files/deltia/EBDOM_DELTIO_02_03_2015.pdf
2015-03-13,UNLEADED_95,1.58,http://www.fuelprices.gr/files/deltia/EBDOM_DELTIO_13_03_2015.pdf
2015-03-20,UNLEADED_95,1.578,http://www.fuelprices.gr/files/deltia/EBDOM_DELTIO_20_03_2015.pdf
2015-03-27,UNLEADED_95,1.577,http://www.fuelprices.gr/files/deltia/EBDOM_DELTIO_27_03_2015.pdf
2015-04-03,UNLEADED_95,1.58,http://www.fuelprices.gr/files/deltia/EBDOM_DELTIO_03_04_2015.pdf
2015-04-10,UNLEADED_95,1.578,http://www.fuelprices.gr/files/deltia/EBDOM_DELTIO_10_04_2015.pdf
2015-04-17,UNLEADED_95,1.591,http://www.fuelprices.gr/files/deltia/EBDOM_DELTIO_17_04_2015.pdf
2015-04-24,UNLEADED_95,1.613,http://www.fuelprices.gr/files/deltia/EBDOM_DELTIO_24_04_2015.pdf
2015-05-01,UNLEADED_95,1.624,http://www.fuelprices.gr/files/deltia/EBDOM_DELTIO_01_05_2015.pdf
2015-05-08,UNLEADED_95,1.635,http://www.fuelprices.gr/files/deltia/EBDOM_DELTIO_08_05_2015.pdf
2015-05-15,UNLEADED_95,1.632,http://www.fuelprices.gr/files/deltia/EBDOM_DELTIO_15_05_2015.pdf
2015-05-22,UNLEADED_95,1.629,http://www.fuelprices.gr/files/deltia/EBDOM_DELTIO_22_05_2015.pdf
2015-05-29,UNLEADED_95,1.633,http://www.fuelprices.gr/files/deltia/EBDOM_DELTIO_29_05_2015.pdf
2015-06-05,UNLEADED_95,1.637,http://www.fuelprices.gr/files/deltia/EBDOM_DELTIO_05_06_2015.pdf
2015-06-12,UNLEADED_95,1.64,http://www.fuelprices.gr/files/deltia/EBDOM_DELTIO_12_06_2015.pdf
2015-06-19,UNLEADED_95,1.653,http://www.fuelprices.gr/files/deltia/EBDOM_DELTIO_19_06_2015.pdf
2015-06-26,UNLEADED_95,1.657,http://www.fuelprices.gr/files/deltia/EBDOM_DELTIO_26_06_2015.pdf
2015-07-03,UNLEADED_95,1.655,http://www.fuelprices.gr/files/deltia/EBDOM_DELTIO_03_07_2015.pdf
2015-07-10,UNLEADED_95,1.655,http://www.fuelprices.gr/files/deltia/EBDOM_DELTIO_10_07_2015.pdf
2015-07-17,UNLEADED_95,1.656,http://www.fuelprices.gr/files/deltia/EBDOM_DELTIO_17_07_2015.pdf
2015-07-24,UNLEADED_95,1.642,http://www.fuelprices.gr/files/deltia/EBDOM_DELTIO_24_07_2015.pdf
2015-07-31,UNLEADED_95,1.616,http://www.fuelprices.gr/files/deltia/EBDOM_DELTIO_31_07_2015.pdf
2015-08-07,UNLEADED_95,1.598,http://www.fuelprices.gr/files/deltia/EBDOM_DELTIO_07_08_2015.pdf
2015-08-14,UNLEADED_95,1.582,http://www.fuelprices.gr/files/deltia/EBDOM_DELTIO_14_08_2015.pdf
2015-08-21,UNLEADED_95,1.573,http://www.fuelprices.gr/files/deltia/EBDOM_DELTIO_21_08_2015.pdf
2015-08-28,UNLEADED_95,1.536,http://www.fuelprices.gr/files/deltia/EBDOM_DELTIO_28_08_2015.pdf
2015-09-04,UNLEADED_95,1.502,http://www.fuelprices.gr/files/deltia/EBDOM_DELTIO_04_09_2015.pdf
2015-09-11,UNLEADED_95,1.516,http://www.fuelprices.gr/files/deltia/EBDOM_DELTIO_11_09_2015.pdf
2015-09-25,UNLEADED_95,1.498,http://www.fuelprices.gr/files/deltia/EBDOM_DELTIO_25_09_2015.pdf
2015-10-02,UNLEADED_95,1.497,http://www.fuelprices.gr/files/deltia/EBDOM_DELTIO_02_10_2015.pdf
2015-10-09,UNLEADED_95,1.495,http://www.fuelprices.gr/files/deltia/EBDOM_DELTIO_09_10_2015.pdf
2015-10-16,UNLEADED_95,1.498,http://www.fuelprices.gr/files/deltia/EBDOM_DELTIO_16_10_2015.pdf
2015-10-23,UNLEADED_95,1.49,http://www.fuelprices.gr/files/deltia/EBDOM_DELTIO_23_10_2015.pdf
2015-10-30,UNLEADED_95,1.487,http://www.fuelprices.gr/files/deltia/EBDOM_DELTIO_30_10_2015.pdf
2015-11-06,UNLEADED_95,1.494,http://www.fuelprices.gr/files/deltia/EBDOM_DELTIO_06_11_2015.pdf
2015-11-13,UNLEADED_95,1.496,http://www.fuelprices.gr/files/deltia/EBDOM_DELTIO_13_11_2015.pdf
2015-11-20,UNLEADED_95,1.493,http://www.fuelprices.gr/files/deltia/EBDOM_DELTIO_20_11_2015.pdf
2015-11-27,UNLEADED_95,1.495,http://www.fuelprices.gr/files/deltia/EBDOM_DELTIO_27_11_2015.pdf
2015-12-04,UNLEADED_95,1.496,http://www.fuelprices.gr/files/deltia/EBDOM_DELTIO_04_12_2015.pdf
2015-12-11,UNLEADED_95,1.475,http://www.fuelprices.gr/files/deltia/EBDOM_DELTIO_11_12_2015.pdf
2015-12-18,UNLEADED_95,1.467,http://www.fuelprices.gr/files/deltia/EBDOM_DELTIO_18_12_2015.pdf
2015-12-25,UNLEADED_95,1.449,http://www.fuelprices.gr/files/deltia/EBDOM_DELTIO_25_12_2015.pdf
2016-01-01,DIESEL,1.07,http://www.fuelprices.gr/files/deltia/EBDOM_DELTIO_01_01_2016.pdf
2016-01-08,DIESEL,1.065,http://www.fuelprices.gr/files/deltia/EBDOM_DELTIO_08_01_2016.pdf
2016-01-15,DIESEL,1.064,http://www.fuelprices.gr/files/deltia/EBDOM_DELTIO_15_01_2016.pdf
2016-01-22,DIESEL,1.043,http://www.fuelprices.gr/files/deltia/EBDOM_DELTIO_22_01_2016.pdf
2016-01-29,DIESEL,1.031,http://www.fuelprices.gr/files/deltia/EBDOM_DELTIO_29_01_2016.pdf
2016-02-05,DIESEL,1.025,http://www.fuelprices.gr/files/deltia/EBDOM_DELTIO_05_02_2016.pdf
2016-02-12,DIESEL,1.022,http://www.fuelprices.gr/files/deltia/EBDOM_DELTIO_12_02_2016.pdf
2016-02-19,DIESEL,1.022,http://www.fuelprices.gr/files/deltia/EBDOM_DELTIO_19_02_2016.pdf
2016-02-26,DIESEL,1.025,http://www.fuelprices.gr/files/deltia/EBDOM_DELTIO_26_02_2016.pdf
2016-03-04,DIESEL,1.038,http://www.fuelprices.gr/files/deltia/EBDOM_DELTIO_04_03_2016.pdf
2016-03-11,DIESEL,1.057,http://www.fuelprices.gr/files/deltia/EBDOM_DELTIO_11_03_2016.pdf
2016-03-18,DIESEL,1.074,http://www.fuelprices.gr/files/deltia/EBDOM_DELTIO_18_03_2016.pdf
2016-03-25,DIESEL,1.081,http://www.fuelprices.gr/files/deltia/EBDOM_DELTIO_25_03_2016.pdf
2016-04-01,DIESEL,1.082,http://www.fuelprices.gr/files/deltia/EBDOM_DELTIO_01_04_2016.pdf
2016-04-08,DIESEL,1.074,http://www.fuelprices.gr/files/deltia/EBDOM_DELTIO_08_04_2016.pdf
2016-04-15,DIESEL,1.072,http://www.fuelprices.gr/files/deltia/EBDOM_DELTIO_15_04_2016.pdf
2016-04-22,DIESEL,1.079,http://www.fuelprices.gr/files/deltia/EBDOM_DELTIO_22_04_2016.pdf
2016-04-29,DIESEL,1.099,http://www.fuelprices.gr/files/deltia/EBDOM_DELTIO_29_04_2016.pdf
2016-05-06,DIESEL,1.107,http://www.fuelprices.gr/files/deltia/EBDOM_DELTIO_06_05_2016.pdf
2016-05-13,DIESEL,1.109,http://www.fuelprices.gr/files/deltia/EBDOM_DELTIO_13_05_2016.pdf
2016-05-20,DIESEL,1.126,http://www.fuelprices.gr/files/deltia/EBDOM_DELTIO_20_05_2016.pdf
2016-05-27,DIESEL,1.149,http://www.fuelprices.gr/files/deltia/EBDOM_DELTIO_27_05_2016.pdf
2016-06-03,DIESEL,1.176,http://www.fuelprices.gr/files/deltia/EBDOM_DELTIO_03_06_2016.pdf
2016-06-10,DIESEL,1.177,http://www.fuelprices.gr/files/deltia/EBDOM_DELTIO_10_06_2016.pdf
2016-06-17,DIESEL,1.18,http://www.fuelprices.gr/files/deltia/EBDOM_DELTIO_17_06_2016.pdf
2016-06-24,DIESEL,1.179,http://www.fuelprices.gr/files/deltia/EBDOM_DELTIO_24_06_2016.pdf
2016-07-01,DIESEL,1.178,http://www.fuelprices.gr/files/deltia/EBDOM_DELTIO_01_07_2016.pdf
2016-07-08,DIESEL,1.182,http://www.fuelprices.gr/files/deltia/EBDOM_DELTIO_08_07_2016.pdf
2016-07-15,DIESEL,1.178,http://www.fuelprices.gr/files/deltia/EBDOM_DELTIO_15_07_2016.pdf
2016-07-22,DIESEL,1.155,http://www.fuelprices.gr/files/deltia/EBDOM_DELTIO_22_07_2016.pdf
2016-07-29,DIESEL,1.154,http://www.fuelprices.gr/files/deltia/EBDOM_DELTIO_29_07_2016.pdf
2016-08-05,DIESEL,1.145,http://www.fuelprices.gr/files/deltia/EBDOM_DELTIO_05_08_2016.pdf
2016-08-12,DIESEL,1.144,http://www.fuelprices.gr/files/deltia/EBDOM_DELTIO_12_08_2016.pdf
2016-08-19,DIESEL,1.15,http://www.fuelprices.gr/files/deltia/EBDOM_DELTIO_19_08_2016.pdf
2016-08-26,DIESEL,1.169,http://www.fuelprices.gr/files/deltia/EBDOM_DELTIO_26_08_2016.pdf
2016-09-02,DIESEL,1.175,http://www.fuelprices.gr/files/deltia/EBDOM_DELTIO_02_09_2016.pdf
2016-09-09,DIESEL,1.175,http://www.fuelprices.gr/files/deltia/EBDOM_DELTIO_09_09_2016.pdf
2016-09-16,DIESEL,1.178,http://www.fuelprices.gr/files/deltia/EBDOM_DELTIO_16_09_2016.pdf
2016-09-23,DIESEL,1.178,http://www.fuelprices.gr/files/deltia/EBDOM_DELTIO_23_09_2016.pdf
2016-09-30,DIESEL,1.175,http://www.fuelprices.gr/files/deltia/EBDOM_DELTIO_30_09_2016.pdf
2016-10-07,DIESEL,1.182,http://www.fuelprices.gr/files/deltia/EBDOM_DELTIO_07_10_2016.pdf
2016-10-14,DIESEL,1.198,http://www.fuelprices.gr/files/deltia/EBDOM_DELTIO_14_10_2016.pdf
2016-10-21,DIESEL,1.201,http://www.fuelprices.gr/files/deltia/EBDOM_DELTIO_21_10_2016.pdf
2016-10-28,DIESEL,1.204,http://www.fuelprices.gr/files/deltia/EBDOM_DELTIO_28_10_2016.pdf
2016-11-04,DIESEL,1.205,http://www.fuelprices.gr/files/deltia/EBDOM_DELTIO_04_11_2016.pdf
2016-11-11,DIESEL,1.195,http://www.fuelprices.gr/files/deltia/EBDOM_DELTIO_11_11_2016.pdf
2016-11-18,DIESEL,1.181,http://www.fuelprices.gr/files/deltia/EBDOM_DELTIO_18_11_2016.pdf
2016-11-25,DIESEL,1.191,http://www.fuelprices.gr/files/deltia/EBDOM_DELTIO_25_11_2016.pdf
2016-12-02,DIESEL,1.208,http://www.fuelprices.gr/files/deltia/EBDOM_DELTIO_02_12_2016.pdf
2016-12-09,DIESEL,1.231,http://www.fuelprices.gr/files/deltia/EBDOM_DELTIO_09_12_2016.pdf
2016-12-16,DIESEL,1.249,http://www.fuelprices.gr/files/deltia/EBDOM_DELTIO_16_12_2016.pdf
2016-12-23,DIESEL,1.264,http://www.fuelprices.gr/files/deltia/EBDOM_DELTIO_23_12_2016.pdf
2016-12-30,DIESEL,1.27,http://www.fuelprices.gr/files/deltia/EBDOM_DELTIO_30_12_2016.pdf
2016-01-01,DIESEL_HEATING,0.729,http://www.fuelprices.gr/files/deltia/EBDOM_DELTIO_01_01_2016.pdf
2016-01-08,DIESEL_HEATING,0.729,http://www.fuelprices.gr/files/deltia/EBDOM_DELTIO_08_01_2016.pdf
2016-01-15,DIESEL_HEATING,0.695,http://www.fuelprices.gr/files/deltia/EBDOM_DELTIO_15_01_2016.pdf
2016-01-22,DIESEL_HEATING,0.695,http://www.fuelprices.gr/files/deltia/EBDOM_DELTIO_22_01_2016.pdf
2016-01-29,DIESEL_HEATING,0.695,http://www.fuelprices.gr/files/deltia/EBDOM_DELTIO_29_01_2016.pdf
2016-02-05,DIESEL_HEATING,0.686,http://www.fuelprices.gr/files/deltia/EBDOM_DELTIO_05_02_2016.pdf
2016-02-12,DIESEL_HEATING,0.698,http://www.fuelprices.gr/files/deltia/EBDOM_DELTIO_12_02_2016.pdf
2016-02-19,DIESEL_HEATING,0.698,http://www.fuelprices.gr/files/deltia/EBDOM_DELTIO_19_02_2016.pdf
2016-02-26,DIESEL_HEATING,0.668,http://www.fuelprices.gr/files/deltia/EBDOM_DELTIO_26_02_2016.pdf
2016-03-04,DIESEL_HEATING,0.668,http://www.fuelprices.gr/files/deltia/EBDOM_DELTIO_04_03_2016.pdf
2016-03-11,DIESEL_HEATING,0.689,http://www.fuelprices.gr/files/deltia/EBDOM_DELTIO_11_03_2016.pdf
2016-03-18,DIESEL_HEATING,0.698,http://www.fuelprices.gr/files/deltia/EBDOM_DELTIO_18_03_2016.pdf
2016-03-25,DIESEL_HEATING,0.708,http://www.fuelprices.gr/files/deltia/EBDOM_DELTIO_25_03_2016.pdf
2016-04-01,DIESEL_HEATING,0.708,http://www.fuelprices.gr/files/deltia/EBDOM_DELTIO_01_04_2016.pdf
2016-04-08,DIESEL_HEATING,0.708,http://www.fuelprices.gr/files/deltia/EBDOM_DELTIO_08_04_2016.pdf
2016-04-15,DIESEL_HEATING,0.685,http://www.fuelprices.gr/files/deltia/EBDOM_DELTIO_15_04_2016.pdf
2016-04-22,DIESEL_HEATING,0.685,http://www.fuelprices.gr/files/deltia/EBDOM_DELTIO_22_04_2016.pdf
2016-04-29,DIESEL_HEATING,0.685,http://www.fuelprices.gr/files/deltia/EBDOM_DELTIO_29_04_2016.pdf
2016-10-21,DIESEL_HEATING,0.735,http://www.fuelprices.gr/files/deltia/EBDOM_DELTIO_21_10_2016.pdf
2016-10-28,DIESEL_HEATING,0.745,http://www.fuelprices.gr/files/deltia/EBDOM_DELTIO_28_10_2016.pdf
2016-11-18,DIESEL_HEATING,0.745,http://www.fuelprices.gr/files/deltia/EBDOM_DELTIO_18_11_2016.pdf
2016-11-25,DIESEL_HEATING,0.729,http://www.fuelprices.gr/files/deltia/EBDOM_DELTIO_25_11_2016.pdf
2016-12-23,DIESEL_HEATING,0.785,http://www.fuelprices.gr/files/deltia/EBDOM_DELTIO_23_12_2016.pdf
2016-12-30,DIESEL_HEATING,0.785,http://www.fuelprices.gr/files/deltia/EBDOM_DELTIO_30_12_2016.pdf
2016-01-22,GAS,0.753,http://www.fuelprices.gr/files/deltia/EBDOM_DELTIO_22_01_2016.pdf
2016-01-29,GAS,0.753,http://www.fuelprices.gr/files/deltia/EBDOM_DELTIO_29_01_2016.pdf
2016-02-05,GAS,0.75,http://www.fuelprices.gr/files/deltia/EBDOM_DELTIO_05_02_2016.pdf
2016-02-12,GAS,0.754,http://www.fuelprices.gr/files/deltia/EBDOM_DELTIO_12_02_2016.pdf
2016-02-19,GAS,0.754,http://www.fuelprices.gr/files/deltia/EBDOM_DELTIO_19_02_2016.pdf
2016-02-26,GAS,0.757,http://www.fuelprices.gr/files/deltia/EBDOM_DELTIO_26_02_2016.pdf
2016-03-04,GAS,0.767,http://www.fuelprices.gr/files/deltia/EBDOM_DELTIO_04_03_2016.pdf
2016-03-11,GAS,0.798,http://www.fuelprices.gr/files/deltia/EBDOM_DELTIO_11_03_2016.pdf
2016-03-18,GAS,0.813,http://www.fuelprices.gr/files/deltia/EBDOM_DELTIO_18_03_2016.pdf
2016-03-25,GAS,0.813,http://www.fuelprices.gr/files/deltia/EBDOM_DELTIO_25_03_2016.pdf
2016-04-01,GAS,0.814,http://www.fuelprices.gr/files/deltia/EBDOM_DELTIO_01_04_2016.pdf
2016-04-08,GAS,0.812,http://www.fuelprices.gr/files/deltia/EBDOM_DELTIO_08_04_2016.pdf
2016-04-15,GAS,0.812,http://www.fuelprices.gr/files/deltia/EBDOM_DELTIO_15_04_2016.pdf
2016-04-22,GAS,0.818,http://www.fuelprices.gr/files/deltia/EBDOM_DELTIO_22_04_2016.pdf
2016-04-29,GAS,0.823,http://www.fuelprices.gr/files/deltia/EBDOM_DELTIO_29_04_2016.pdf
2016-05-06,GAS,0.825,http://www.fuelprices.gr/files/deltia/EBDOM_DELTIO_06_05_2016.pdf
2016-06-24,GAS,0.715,http://www.fuelprices.gr/files/deltia/EBDOM_DELTIO_24_06_2016.pdf
2016-07-29,GAS,0.715,http://www.fuelprices.gr/files/deltia/EBDOM_DELTIO_29_07_2016.pdf
2016-08-12,GAS,0.715,http://www.fuelprices.gr/files/deltia/EBDOM_DELTIO_12_08_2016.pdf
2016-10-07,GAS,0.725,http://www.fuelprices.gr/files/deltia/EBDOM_DELTIO_07_10_2016.pdf
2016-10-14,GAS,0.735,http://www.fuelprices.gr/files/deltia/EBDOM_DELTIO_14_10_2016.pdf
2016-10-21,GAS,0.98,http://www.fuelprices.gr/files/deltia/EBDOM_DELTIO_21_10_2016.pdf
2016-10-28,GAS,0.989,http://www.fuelprices.gr/files/deltia/EBDOM_DELTIO_28_10_2016.pdf
2016-11-04,GAS,0.988,http://www.fuelprices.gr/files/deltia/EBDOM_DELTIO_04_11_2016.pdf
2016-11-11,GAS,0.975,http://www.fuelprices.gr/files/deltia/EBDOM_DELTIO_11_11_2016.pdf
2016-11-18,GAS,0.969,http://www.fuelprices.gr/files/deltia/EBDOM_DELTIO_18_11_2016.pdf
2016-11-25,GAS,0.98,http://www.fuelprices.gr/files/deltia/EBDOM_DELTIO_25_11_2016.pdf
2016-12-02,GAS,0.991,http://www.fuelprices.gr/files/deltia/EBDOM_DELTIO_02_12_2016.pdf
2016-12-09,GAS,1.01,http://www.fuelprices.gr/files/deltia/EBDOM_DELTIO_09_12_2016.pdf
2016-12-16,GAS,1.024,http://www.fuelprices.gr/files/deltia/EBDOM_DELTIO_16_12_2016.pdf
2016-12-23,GAS,1.046,http://www.fuelprices.gr/files/deltia/EBDOM_DELTIO_23_12_2016.pdf
2016-12-30,GAS,1.048,http://www.fuelprices.gr/files/deltia/EBDOM_DELTIO_30_12_2016.pdf
2016-01-01,SUPER,1.652,http://www.fuelprices.gr/files/deltia/EBDOM_DELTIO_01_01_2016.pdf
2016-01-08,SUPER,1.652,http://www.fuelprices.gr/files/deltia/EBDOM_DELTIO_08_01_2016.pdf
2016-01-15,SUPER,1.652,http://www.fuelprices.gr/files/deltia/EBDOM_DELTIO_15_01_2016.pdf
2016-01-22,SUPER,1.652,http://www.fuelprices.gr/files/deltia/EBDOM_DELTIO_22_01_2016.pdf
2016-01-29,SUPER,1.652,http://www.fuelprices.gr/files/deltia/EBDOM_DELTIO_29_01_2016.pdf
2016-02-05,SUPER,1.558,http://www.fuelprices.gr/files/deltia/EBDOM_DELTIO_05_02_2016.pdf
2016-02-12,SUPER,1.558,http://www.fuelprices.gr/files/deltia/EBDOM_DELTIO_12_02_2016.pdf
2016-02-19,SUPER,1.558,http://www.fuelprices.gr/files/deltia/EBDOM_DELTIO_19_02_2016.pdf
2016-02-26,SUPER,1.571,http://www.fuelprices.gr/files/deltia/EBDOM_DELTIO_26_02_2016.pdf
2016-03-04,SUPER,1.571,http://www.fuelprices.gr/files/deltia/EBDOM_DELTIO_04_03_2016.pdf
2016-03-11,SUPER,1.558,http://www.fuelprices.gr/files/deltia/EBDOM_DELTIO_11_03_2016.pdf
2016-03-18,SUPER,1.558,http://www.fuelprices.gr/files/deltia/EBDOM_DELTIO_18_03_2016.pdf
2016-03-25,SUPER,1.558,http://www.fuelprices.gr/files/deltia/EBDOM_DELTIO_25_03_2016.pdf
2016-04-01,SUPER,1.558,http://www.fuelprices.gr/files/deltia/EBDOM_DELTIO_01_04_2016.pdf
2016-04-08,SUPER,1.558,http://www.fuelprices.gr/files/deltia/EBDOM_DELTIO_08_04_2016.pdf
2016-04-15,SUPER,1.558,http://www.fuelprices.gr/files/deltia/EBDOM_DELTIO_15_04_2016.pdf
2016-04-22,SUPER,1.558,http://www.fuelprices.gr/files/deltia/EBDOM_DELTIO_22_04_2016.pdf
2016-04-29,SUPER,1.558,http://www.fuelprices.gr/files/deltia/EBDOM_DELTIO_29_04_2016.pdf
2016-05-06,SUPER,1.558,http://www.fuelprices.gr/files/deltia/EBDOM_DELTIO_06_05_2016.pdf
2016-05-13,SUPER,1.558,http://www.fuelprices.gr/files/deltia/EBDOM_DELTIO_13_05_2016.pdf
2016-05-20,SUPER,1.558,http://www.fuelprices.gr/files/deltia/EBDOM_DELTIO_20_05_2016.pdf
2016-05-27,SUPER,1.571,http://www.fuelprices.gr/files/deltia/EBDOM_DELTIO_27_05_2016.pdf
2016-06-03,SUPER,1.604,http://www.fuelprices.gr/files/deltia/EBDOM_DELTIO_03_06_2016.pdf
2016-06-10,SUPER,1.604,http://www.fuelprices.gr/files/deltia/EBDOM_DELTIO_10_06_2016.pdf
2016-06-17,SUPER,1.604,http://www.fuelprices.gr/files/deltia/EBDOM_DELTIO_17_06_2016.pdf
2016-06-24,SUPER,1.604,http://www.fuelprices.gr/files/deltia/EBDOM_DELTIO_24_06_2016.pdf
2016-07-01,SUPER,1.604,http://www.fuelprices.gr/files/deltia/EBDOM_DELTIO_01_07_2016.pdf
2016-07-08,SUPER,1.604,http://www.fuelprices.gr/files/deltia/EBDOM_DELTIO_08_07_2016.pdf
2016-07-15,SUPER,1.604,http://www.fuelprices.gr/files/deltia/EBDOM_DELTIO_15_07_2016.pdf
2016-07-22,SUPER,1.604,http://www.fuelprices.gr/files/deltia/EBDOM_DELTIO_22_07_2016.pdf
2016-07-29,SUPER,1.604,http://www.fuelprices.gr/files/deltia/EBDOM_DELTIO_29_07_2016.pdf
2016-08-05,SUPER,1.604,http://www.fuelprices.gr/files/deltia/EBDOM_DELTIO_05_08_2016.pdf
2016-08-12,SUPER,1.604,http://www.fuelprices.gr/files/deltia/EBDOM_DELTIO_12_08_2016.pdf
2016-08-19,SUPER,1.65,http://www.fuelprices.gr/files/deltia/EBDOM_DELTIO_19_08_2016.pdf
2016-08-26,SUPER,1.604,http://www.fuelprices.gr/files/deltia/EBDOM_DELTIO_26_08_2016.pdf
2016-09-02,SUPER,1.604,http://www.fuelprices.gr/files/deltia/EBDOM_DELTIO_02_09_2016.pdf
2016-09-09,SUPER,1.604,http://www.fuelprices.gr/files/deltia/EBDOM_DELTIO_09_09_2016.pdf
2016-09-16,SUPER,1.604,http://www.fuelprices.gr/files/deltia/EBDOM_DELTIO_16_09_2016.pdf
2016-09-23,SUPER,1.604,http://www.fuelprices.gr/files/deltia/EBDOM_DELTIO_23_09_2016.pdf
2016-09-30,SUPER,1.604,http://www.fuelprices.gr/files/deltia/EBDOM_DELTIO_30_09_2016.pdf
2016-10-07,SUPER,1.604,http://www.fuelprices.gr/files/deltia/EBDOM_DELTIO_07_10_2016.pdf
2016-10-14,SUPER,1.604,http://www.fuelprices.gr/files/deltia/EBDOM_DELTIO_14_10_2016.pdf
2016-10-21,SUPER,1.65,http://www.fuelprices.gr/files/deltia/EBDOM_DELTIO_21_10_2016.pdf
2016-10-28,SUPER,1.629,http://www.fuelprices.gr/files/deltia/EBDOM_DELTIO_28_10_2016.pdf
2016-11-04,SUPER,1.629,http://www.fuelprices.gr/files/deltia/EBDOM_DELTIO_04_11_2016.pdf
2016-11-11,SUPER,1.629,http://www.fuelprices.gr/files/deltia/EBDOM_DELTIO_11_11_2016.pdf
2016-11-18,SUPER,1.629,http://www.fuelprices.gr/files/deltia/EBDOM_DELTIO_18_11_2016.pdf
2016-11-25,SUPER,1.629,http://www.fuelprices.gr/files/deltia/EBDOM_DELTIO_25_11_2016.pdf
2016-12-02,SUPER,1.685,http://www.fuelprices.gr/files/deltia/EBDOM_DELTIO_02_12_2016.pdf
2016-12-09,SUPER,1.685,http://www.fuelprices.gr/files/deltia/EBDOM_DELTIO_09_12_2016.pdf
2016-12-16,SUPER,1.738,http://www.fuelprices.gr/files/deltia/EBDOM_DELTIO_16_12_2016.pdf
2016-12-23,SUPER,1.738,http://www.fuelprices.gr/files/deltia/EBDOM_DELTIO_23_12_2016.pdf
2016-12-30,SUPER,1.738,http://www.fuelprices.gr/files/deltia/EBDOM_DELTIO_30_12_2016.pdf
2016-01-01,UNLEADED_100,1.787,http://www.fuelprices.gr/files/deltia/EBDOM_DELTIO_01_01_2016.pdf
2016-01-08,UNLEADED_100,1.761,http://www.fuelprices.gr/files/deltia/EBDOM_DELTIO_08_01_2016.pdf
2016-01-15,UNLEADED_100,1.761,http://www.fuelprices.gr/files/deltia/EBDOM_DELTIO_15_01_2016.pdf
2016-01-22,UNLEADED_100,1.761,http://www.fuelprices.gr/files/deltia/EBDOM_DELTIO_22_01_2016.pdf
2016-01-29,UNLEADED_100,1.752,http://www.fuelprices.gr/files/deltia/EBDOM_DELTIO_29_01_2016.pdf
2016-02-05,UNLEADED_100,1.736,http://www.fuelprices.gr/files/deltia/EBDOM_DELTIO_05_02_2016.pdf
2016-02-12,UNLEADED_100,1.713,http://www.fuelprices.gr/files/deltia/EBDOM_DELTIO_12_02_2016.pdf
2016-02-19,UNLEADED_100,1.713,http://www.fuelprices.gr/files/deltia/EBDOM_DELTIO_19_02_2016.pdf
2016-02-26,UNLEADED_100,1.697,http://www.fuelprices.gr/files/deltia/EBDOM_DELTIO_26_02_2016.pdf
2016-03-04,UNLEADED_100,1.7,http://www.fuelprices.gr/files/deltia/EBDOM_DELTIO_04_03_2016.pdf
2016-03-11,UNLEADED_100,1.714,http://www.fuelprices.gr/files/deltia/EBDOM_DELTIO_11_03_2016.pdf
2016-03-18,UNLEADED_100,1.714,http://www.fuelprices.gr/files/deltia/EBDOM_DELTIO_18_03_2016.pdf
2016-03-25,UNLEADED_100,1.714,http://www.fuelprices.gr/files/deltia/EBDOM_DELTIO_25_03_2016.pdf
2016-04-01,UNLEADED_100,1.714,http://www.fuelprices.gr/files/deltia/EBDOM_DELTIO_01_04_2016.pdf
2016-04-08,UNLEADED_100,1.714,http://www.fuelprices.gr/files/deltia/EBDOM_DELTIO_08_04_2016.pdf
2016-04-15,UNLEADED_100,1.725,http://www.fuelprices.gr/files/deltia/EBDOM_DELTIO_15_04_2016.pdf
2016-04-22,UNLEADED_100,1.725,http://www.fuelprices.gr/files/deltia/EBDOM_DELTIO_22_04_2016.pdf
2016-04-29,UNLEADED_100,1.721,http://www.fuelprices.gr/files/deltia/EBDOM_DELTIO_29_04_2016.pdf
2016-05-06,UNLEADED_100,1.721,http://www.fuelprices.gr/files/deltia/EBDOM_DELTIO_06_05_2016.pdf
2016-05-13,UNLEADED_100,1.697,http://www.fuelprices.gr/files/deltia/EBDOM_DELTIO_13_05_2016.pdf
2016-05-20,UNLEADED_100,1.697,http://www.fuelprices.gr/files/deltia/EBDOM_DELTIO_20_05_2016.pdf
2016-05-27,UNLEADED_100,1.705,http://www.fuelprices.gr/files/deltia/EBDOM_DELTIO_27_05_2016.pdf
2016-06-03,UNLEADED_100,1.735,http://www.fuelprices.gr/files/deltia/EBDOM_DELTIO_03_06_2016.pdf
2016-06-10,UNLEADED_100,1.735,http://www.fuelprices.gr/files/deltia/EBDOM_DELTIO_10_06_2016.pdf
2016-06-17,UNLEADED_100,1.735,http://www.fuelprices.gr/files/deltia/EBDOM_DELTIO_17_06_2016.pdf
2016-06-24,UNLEADED_100,1.74,http://www.fuelprices.gr/files/deltia/EBDOM_DELTIO_24_06_2016.pdf
2016-07-01,UNLEADED_100,1.736,http://www.fuelprices.gr/files/deltia/EBDOM_DELTIO_01_07_2016.pdf
2016-07-08,UNLEADED_100,1.736,http://www.fuelprices.gr/files/deltia/EBDOM_DELTIO_08_07_2016.pdf
2016-07-15,UNLEADED_100,1.736,http://www.fuelprices.gr/files/deltia/EBDOM_DELTIO_15_07_2016.pdf
2016-07-22,UNLEADED_100,1.736,http://www.fuelprices.gr/files/deltia/EBDOM_DELTIO_22_07_2016.pdf
2016-07-29,UNLEADED_100,1.736,http://www.fuelprices.gr/files/deltia/EBDOM_DELTIO_29_07_2016.pdf
2016-08-05,UNLEADED_100,1.73,http://www.fuelprices.gr/files/deltia/EBDOM_DELTIO_05_08_2016.pdf
2016-08-12,UNLEADED_100,1.73,http://www.fuelprices.gr/files/deltia/EBDOM_DELTIO_12_08_2016.pdf
2016-08-19,UNLEADED_100,1.763,http://www.fuelprices.gr/files/deltia/EBDOM_DELTIO_19_08_2016.pdf
2016-08-26,UNLEADED_100,1.768,http://www.fuelprices.gr/files/deltia/EBDOM_DELTIO_26_08_2016.pdf
2016-09-02,UNLEADED_100,1.768,http://www.fuelprices.gr/files/deltia/EBDOM_DELTIO_02_09_2016.pdf
2016-09-09,UNLEADED_100,1.768,http://www.fuelprices.gr/files/deltia/EBDOM_DELTIO_09_09_2016.pdf
2016-09-16,UNLEADED_100,1.768,http://www.fuelprices.gr/files/deltia/EBDOM_DELTIO_16_09_2016.pdf
2016-09-23,UNLEADED_100,1.768,http://www.fuelprices.gr/files/deltia/EBDOM_DELTIO_23_09_2016.pdf
2016-09-30,UNLEADED_100,1.768,http://www.fuelprices.gr/files/deltia/EBDOM_DELTIO_30_09_2016.pdf
2016-10-07,UNLEADED_100,1.768,http://www.fuelprices.gr/files/deltia/EBDOM_DELTIO_07_10_2016.pdf
2016-10-14,UNLEADED_100,1.768,http://www.fuelprices.gr/files/deltia/EBDOM_DELTIO_14_10_2016.pdf
2016-10-21,UNLEADED_100,1.768,http://www.fuelprices.gr/files/deltia/EBDOM_DELTIO_21_10_2016.pdf
2016-10-28,UNLEADED_100,1.796,http://www.fuelprices.gr/files/deltia/EBDOM_DELTIO_28_10_2016.pdf
2016-11-04,UNLEADED_100,1.796,http://www.fuelprices.gr/files/deltia/EBDOM_DELTIO_04_11_2016.pdf
2016-11-11,UNLEADED_100,1.768,http://www.fuelprices.gr/files/deltia/EBDOM_DELTIO_11_11_2016.pdf
2016-11-18,UNLEADED_100,1.768,http://www.fuelprices.gr/files/deltia/EBDOM_DELTIO_18_11_2016.pdf
2016-11-25,UNLEADED_100,1.768,http://www.fuelprices.gr/files/deltia/EBDOM_DELTIO_25_11_2016.pdf
2016-12-02,UNLEADED_100,1.764,http://www.fuelprices.gr/files/deltia/EBDOM_DELTIO_02_12_2016.pdf
2016-12-09,UNLEADED_100,1.774,http://www.fuelprices.gr/files/deltia/EBDOM_DELTIO_09_12_2016.pdf
2016-12-16,UNLEADED_100,1.779,http://www.fuelprices.gr/files/deltia/EBDOM_DELTIO_16_12_2016.pdf
2016-12-23,UNLEADED_100,1.794,http://www.fuelprices.gr/files/deltia/EBDOM_DELTIO_23_12_2016.pdf
2016-12-30,UNLEADED_100,1.804,http://www.fuelprices.gr/files/deltia/EBDOM_DELTIO_30_12_2016.pdf
2016-01-01,UNLEADED_95,1.445,http://www.fuelprices.gr/files/deltia/EBDOM_DELTIO_01_01_2016.pdf
2016-01-08,UNLEADED_95,1.443,http://www.fuelprices.gr/files/deltia/EBDOM_DELTIO_08_01_2016.pdf
2016-01-15,UNLEADED_95,1.441,http://www.fuelprices.gr/files/deltia/EBDOM_DELTIO_15_01_2016.pdf
2016-01-22,UNLEADED_95,1.422,http://www.fuelprices.gr/files/deltia/EBDOM_DELTIO_22_01_2016.pdf
2016-01-29,UNLEADED_95,1.412,http://www.fuelprices.gr/files/deltia/EBDOM_DELTIO_29_01_2016.pdf
2016-02-05,UNLEADED_95,1.412,http://www.fuelprices.gr/files/deltia/EBDOM_DELTIO_05_02_2016.pdf
2016-02-12,UNLEADED_95,1.409,http://www.fuelprices.gr/files/deltia/EBDOM_DELTIO_12_02_2016.pdf
2016-02-19,UNLEADED_95,1.372,http://www.fuelprices.gr/files/deltia/EBDOM_DELTIO_19_02_2016.pdf
2016-02-26,UNLEADED_95,1.37,http://www.fuelprices.gr/files/deltia/EBDOM_DELTIO_26_02_2016.pdf
2016-03-04,UNLEADED_95,1.377,http://www.fuelprices.gr/files/deltia/EBDOM_DELTIO_04_03_2016.pdf
2016-03-11,UNLEADED_95,1.402,http://www.fuelprices.gr/files/deltia/EBDOM_DELTIO_11_03_2016.pdf
2016-03-18,UNLEADED_95,1.416,http://www.fuelprices.gr/files/deltia/EBDOM_DELTIO_18_03_2016.pdf
2016-03-25,UNLEADED_95,1.433,http://www.fuelprices.gr/files/deltia/EBDOM_DELTIO_25_03_2016.pdf
2016-04-01,UNLEADED_95,1.437,http://www.fuelprices.gr/files/deltia/EBDOM_DELTIO_01_04_2016.pdf
2016-04-08,UNLEADED_95,1.435,http://www.fuelprices.gr/files/deltia/EBDOM_DELTIO_08_04_2016.pdf
2016-04-15,UNLEADED_95,1.448,http://www.fuelprices.gr/files/deltia/EBDOM_DELTIO_15_04_2016.pdf
2016-04-22,UNLEADED_95,1.457,http://www.fuelprices.gr/files/deltia/EBDOM_DELTIO_22_04_2016.pdf
2016-04-29,UNLEADED_95,1.463,http://www.fuelprices.gr/files/deltia/EBDOM_DELTIO_29_04_2016.pdf
2016-05-06,UNLEADED_95,1.468,http://www.fuelprices.gr/files/deltia/EBDOM_DELTIO_06_05_2016.pdf
2016-05-13,UNLEADED_95,1.466,http://www.fuelprices.gr/files/deltia/EBDOM_DELTIO_13_05_2016.pdf
2016-05-20,UNLEADED_95,1.48,http://www.fuelprices.gr/files/deltia/EBDOM_DELTIO_20_05_2016.pdf
2016-05-27,UNLEADED_95,1.489,http://www.fuelprices.gr/files/deltia/EBDOM_DELTIO_27_05_2016.pdf
2016-06-03,UNLEADED_95,1.51,http://www.fuelprices.gr/files/deltia/EBDOM_DELTIO_03_06_2016.pdf
2016-06-10,UNLEADED_95,1.51,http://www.fuelprices.gr/files/deltia/EBDOM_DELTIO_10_06_2016.pdf
2016-06-17,UNLEADED_95,1.508,http://www.fuelprices.gr/files/deltia/EBDOM_DELTIO_17_06_2016.pdf
2016-06-24,UNLEADED_95,1.507,http://www.fuelprices.gr/files/deltia/EBDOM_DELTIO_24_06_2016.pdf
2016-07-01,UNLEADED_95,1.507,http://www.fuelprices.gr/files/deltia/EBDOM_DELTIO_01_07_2016.pdf
2016-07-08,UNLEADED_95,1.51,http://www.fuelprices.gr/files/deltia/EBDOM_DELTIO_08_07_2016.pdf
2016-07-15,UNLEADED_95,1.496,http://www.fuelprices.gr/files/deltia/EBDOM_DELTIO_15_07_2016.pdf
2016-07-22,UNLEADED_95,1.468,http://www.fuelprices.gr/files/deltia/EBDOM_DELTIO_22_07_2016.pdf
2016-07-29,UNLEADED_95,1.468,http://www.fuelprices.gr/files/deltia/EBDOM_DELTIO_29_07_2016.pdf
2016-08-05,UNLEADED_95,1.461,http://www.fuelprices.gr/files/deltia/EBDOM_DELTIO_05_08_2016.pdf
2016-08-12,UNLEADED_95,1.457,http://www.fuelprices.gr/files/deltia/EBDOM_DELTIO_12_08_2016.pdf
2016-08-19,UNLEADED_95,1.464,http://www.fuelprices.gr/files/deltia/EBDOM_DELTIO_19_08_2016.pdf
2016-08-26,UNLEADED_95,1.49,http://www.fuelprices.gr/files/deltia/EBDOM_DELTIO_26_08_2016.pdf
2016-09-02,UNLEADED_95,1.497,http://www.fuelprices.gr/files/deltia/EBDOM_DELTIO_02_09_2016.pdf
2016-09-09,UNLEADED_95,1.497,http://www.fuelprices.gr/files/deltia/EBDOM_DELTIO_09_09_2016.pdf
2016-09-16,UNLEADED_95,1.502,http://www.fuelprices.gr/files/deltia/EBDOM_DELTIO_16_09_2016.pdf
2016-09-23,UNLEADED_95,1.502,http://www.fuelprices.gr/files/deltia/EBDOM_DELTIO_23_09_2016.pdf
2016-09-30,UNLEADED_95,1.498,http://www.fuelprices.gr/files/deltia/EBDOM_DELTIO_30_09_2016.pdf
2016-10-07,UNLEADED_95,1.502,http://www.fuelprices.gr/files/deltia/EBDOM_DELTIO_07_10_2016.pdf
2016-10-14,UNLEADED_95,1.522,http://www.fuelprices.gr/files/deltia/EBDOM_DELTIO_14_10_2016.pdf
2016-10-21,UNLEADED_95,1.523,http://www.fuelprices.gr/files/deltia/EBDOM_DELTIO_21_10_2016.pdf
2016-10-28,UNLEADED_95,1.527,http://www.fuelprices.gr/files/deltia/EBDOM_DELTIO_28_10_2016.pdf
2016-11-04,UNLEADED_95,1.525,http://www.fuelprices.gr/files/deltia/EBDOM_DELTIO_04_11_2016.pdf
2016-11-11,UNLEADED_95,1.513,http://www.fuelprices.gr/files/deltia/EBDOM_DELTIO_11_11_2016.pdf
2016-11-18,UNLEADED_95,1.494,http://www.fuelprices.gr/files/deltia/EBDOM_DELTIO_18_11_2016.pdf
2016-11-25,UNLEADED_95,1.509,http://www.fuelprices.gr/files/deltia/EBDOM_DELTIO_25_11_2016.pdf
2016-12-02,UNLEADED_95,1.522,http://www.fuelprices.gr/files/deltia/EBDOM_DELTIO_02_12_2016.pdf
2016-12-09,UNLEADED_95,1.542,http://www.fuelprices.gr/files/deltia/EBDOM_DELTIO_09_12_2016.pdf
2016-12-16,UNLEADED_95,1.565,http://www.fuelprices.gr/files/deltia/EBDOM_DELTIO_16_12_2016.pdf
2016-12-23,UNLEADED_95,1.577,http://www.fuelprices.gr/files/deltia/EBDOM_DELTIO_23_12_2016.pdf
2016-12-30,UNLEADED_95,1.585,http://www.fuelprices.gr/files/deltia/EBDOM_DELTIO_30_12_2016.pdf
2017-01-06,DIESEL,1.373,http://www.fuelprices.gr/files/deltia/EBDOM_DELTIO_06_01_2017.pdf
2017-01-13,DIESEL,1.378,http://www.fuelprices.gr/files/deltia/EBDOM_DELTIO_13_01_2017.pdf
2017-01-20,DIESEL,1.374,http://www.fuelprices.gr/files/deltia/EBDOM_DELTIO_20_01_2017.pdf
2017-01-27,DIESEL,1.377,http://www.fuelprices.gr/files/deltia/EBDOM_DELTIO_27_01_2017.pdf
2017-02-03,DIESEL,1.377,http://www.fuelprices.gr/files/deltia/EBDOM_DELTIO_03_02_2017.pdf
2017-02-10,DIESEL,1.377,http://www.fuelprices.gr/files/deltia/EBDOM_DELTIO_10_02_2017.pdf
2017-02-17,DIESEL,1.382,http://www.fuelprices.gr/files/deltia/EBDOM_DELTIO_17_02_2017.pdf
2017-02-24,DIESEL,1.387,http://www.fuelprices.gr/files/deltia/EBDOM_DELTIO_24_02_2017.pdf
2017-03-03,DIESEL,1.379,http://www.fuelprices.gr/files/deltia/EBDOM_DELTIO_03_03_2017.pdf
2017-03-10,DIESEL,1.363,http://www.fuelprices.gr/files/deltia/EBDOM_DELTIO_10_03_2017.pdf
2017-03-17,DIESEL,1.356,http://www.fuelprices.gr/files/deltia/EBDOM_DELTIO_17_03_2017.pdf
2017-03-24,DIESEL,1.35,http://www.fuelprices.gr/files/deltia/EBDOM_DELTIO_24_03_2017.pdf
2017-03-31,DIESEL,1.335,http://www.fuelprices.gr/files/deltia/EBDOM_DELTIO_31_03_2017.pdf
2017-04-07,DIESEL,1.353,http://www.fuelprices.gr/files/deltia/EBDOM_DELTIO_07_04_2017.pdf
2017-04-14,DIESEL,1.361,http://www.fuelprices.gr/files/deltia/EBDOM_DELTIO_14_04_2017.pdf
2017-04-21,DIESEL,1.363,http://www.fuelprices.gr/files/deltia/EBDOM_DELTIO_21_04_2017.pdf
2017-04-28,DIESEL,1.359,http://www.fuelprices.gr/files/deltia/EBDOM_DELTIO_28_04_2017.pdf
2017-05-05,DIESEL,1.34,http://www.fuelprices.gr/files/deltia/EBDOM_DELTIO_05_05_2017.pdf
2017-05-12,DIESEL,1.338,http://www.fuelprices.gr/files/deltia/EBDOM_DELTIO_12_05_2017.pdf
2017-05-19,DIESEL,1.332,http://www.fuelprices.gr/files/deltia/EBDOM_DELTIO_19_05_2017.pdf
2017-05-26,DIESEL,1.331,http://www.fuelprices.gr/files/deltia/EBDOM_DELTIO_26_05_2017.pdf
2017-06-02,DIESEL,1.332,http://www.fuelprices.gr/files/deltia/EBDOM_DELTIO_02_06_2017.pdf
2017-06-09,DIESEL,1.325,http://www.fuelprices.gr/files/deltia/EBDOM_DELTIO_09_06_2017.pdf
2017-06-16,DIESEL,1.296,http://www.fuelprices.gr/files/deltia/EBDOM_DELTIO_16_06_2017.pdf
2017-06-23,DIESEL,1.282,http://www.fuelprices.gr/files/deltia/EBDOM_DELTIO_23_06_2017.pdf
2017-06-30,DIESEL,1.267,http://www.fuelprices.gr/files/deltia/EBDOM_DELTIO_30_06_2017.pdf
2017-07-14,DIESEL,1.278,http://www.fuelprices.gr/files/deltia/EBDOM_DELTIO_14_07_2017.pdf
2017-07-21,DIESEL,1.281,http://www.fuelprices.gr/files/deltia/EBDOM_DELTIO_21_07_2017.pdf
2017-07-28,DIESEL,1.285,http://www.fuelprices.gr/files/deltia/EBDOM_DELTIO_28_07_2017.pdf
2017-08-04,DIESEL,1.303,http://www.fuelprices.gr/files/deltia/EBDOM_DELTIO_04_08_2017.pdf
2017-08-11,DIESEL,1.31,http://www.fuelprices.gr/files/deltia/EBDOM_DELTIO_11_08_2017.pdf
2017-08-18,DIESEL,1.311,http://www.fuelprices.gr/files/deltia/EBDOM_DELTIO_18_08_2017.pdf
2017-08-25,DIESEL,1.305,http://www.fuelprices.gr/files/deltia/EBDOM_DELTIO_25_08_2017.pdf
2017-09-01,DIESEL,1.307,http://www.fuelprices.gr/files/deltia/EBDOM_DELTIO_01_09_2017.pdf
2017-09-08,DIESEL,1.32,http://www.fuelprices.gr/files/deltia/EBDOM_DELTIO_08_09_2017.pdf
2017-09-15,DIESEL,1.323,http://www.fuelprices.gr/files/deltia/EBDOM_DELTIO_15_09_2017.pdf
2017-09-22,DIESEL,1.311,http://www.fuelprices.gr/files/deltia/EBDOM_DELTIO_22_09_2017.pdf
2017-09-29,DIESEL,1.332,http://www.fuelprices.gr/files/deltia/EBDOM_DELTIO_29_09_2017.pdf
2017-10-06,DIESEL,1.345,http://www.fuelprices.gr/files/deltia/EBDOM_DELTIO_06_10_2017.pdf
2017-10-13,DIESEL,1.345,http://www.fuelprices.gr/files/deltia/EBDOM_DELTIO_13_10_2017.pdf
2017-10-20,DIESEL,1.344,http://www.fuelprices.gr/files/deltia/EBDOM_DELTIO_20_10_2017.pdf
2017-10-27,DIESEL,1.348,http://www.fuelprices.gr/files/deltia/EBDOM_DELTIO_27_10_2017.pdf
2017-11-03,DIESEL,1.358,http://www.fuelprices.gr/files/deltia/EBDOM_DELTIO_03_11_2017.pdf
2017-11-10,DIESEL,1.37,http://www.fuelprices.gr/files/deltia/EBDOM_DELTIO_10_11_2017.pdf
2017-11-17,DIESEL,1.373,http://www.fuelprices.gr/files/deltia/EBDOM_DELTIO_17_11_2017.pdf
2017-11-24,DIESEL,1.377,http://www.fuelprices.gr/files/deltia/EBDOM_DELTIO_24_11_2017.pdf
2017-12-01,DIESEL,1.369,http://www.fuelprices.gr/files/deltia/EBDOM_DELTIO_01_12_2017.pdf
2017-12-08,DIESEL,1.387,http://www.fuelprices.gr/files/deltia/EBDOM_DELTIO_08_12_2017.pdf
2017-12-15,DIESEL,1.372,http://www.fuelprices.gr/files/deltia/EBDOM_DELTIO_15_12_2017.pdf
2017-12-22,DIESEL,1.374,http://www.fuelprices.gr/files/deltia/EBDOM_DELTIO_22_12_2017.pdf
2017-12-29,DIESEL,1.384,http://www.fuelprices.gr/files/deltia/EBDOM_DELTIO_29_12_2017.pdf
2017-01-06,DIESEL_HEATING,0.875,http://www.fuelprices.gr/files/deltia/EBDOM_DELTIO_06_01_2017.pdf
2017-01-13,DIESEL_HEATING,0.875,http://www.fuelprices.gr/files/deltia/EBDOM_DELTIO_13_01_2017.pdf
2017-01-20,DIESEL_HEATING,0.875,http://www.fuelprices.gr/files/deltia/EBDOM_DELTIO_20_01_2017.pdf
2017-01-27,DIESEL_HEATING,0.875,http://www.fuelprices.gr/files/deltia/EBDOM_DELTIO_27_01_2017.pdf
2017-02-03,DIESEL_HEATING,0.91,http://www.fuelprices.gr/files/deltia/EBDOM_DELTIO_03_02_2017.pdf
2017-02-10,DIESEL_HEATING,0.91,http://www.fuelprices.gr/files/deltia/EBDOM_DELTIO_10_02_2017.pdf
2017-02-17,DIESEL_HEATING,0.91,http://www.fuelprices.gr/files/deltia/EBDOM_DELTIO_17_02_2017.pdf
2017-03-03,DIESEL_HEATING,0.929,http://www.fuelprices.gr/files/deltia/EBDOM_DELTIO_03_03_2017.pdf
2017-03-10,DIESEL_HEATING,0.929,http://www.fuelprices.gr/files/deltia/EBDOM_DELTIO_10_03_2017.pdf
2017-03-17,DIESEL_HEATING,0.892,http://www.fuelprices.gr/files/deltia/EBDOM_DELTIO_17_03_2017.pdf
2017-03-24,DIESEL_HEATING,0.872,http://www.fuelprices.gr/files/deltia/EBDOM_DELTIO_24_03_2017.pdf
2017-03-31,DIESEL_HEATING,0.872,http://www.fuelprices.gr/files/deltia/EBDOM_DELTIO_31_03_2017.pdf
2017-04-14,DIESEL_HEATING,0.845,http://www.fuelprices.gr/files/deltia/EBDOM_DELTIO_14_04_2017.pdf
2017-04-21,DIESEL_HEATING,0.845,http://www.fuelprices.gr/files/deltia/EBDOM_DELTIO_21_04_2017.pdf
2017-04-28,DIESEL_HEATING,0.845,http://www.fuelprices.gr/files/deltia/EBDOM_DELTIO_28_04_2017.pdf
2017-10-20,DIESEL_HEATING,0.854,http://www.fuelprices.gr/files/deltia/EBDOM_DELTIO_20_10_2017.pdf
2017-10-27,DIESEL_HEATING,0.889,http://www.fuelprices.gr/files/deltia/EBDOM_DELTIO_27_10_2017.pdf
2017-11-17,DIESEL_HEATING,0.889,http://www.fuelprices.gr/files/deltia/EBDOM_DELTIO_17_11_2017.pdf
2017-11-24,DIESEL_HEATING,0.899,http://www.fuelprices.gr/files/deltia/EBDOM_DELTIO_24_11_2017.pdf
2017-12-22,DIESEL_HEATING,0.899,http://www.fuelprices.gr/files/deltia/EBDOM_DELTIO_22_12_2017.pdf
2017-12-29,DIESEL_HEATING,0.899,http://www.fuelprices.gr/files/deltia/EBDOM_DELTIO_29_12_2017.pdf
2017-01-06,GAS,1.066,http://www.fuelprices.gr/files/deltia/EBDOM_DELTIO_06_01_2017.pdf
2017-01-13,GAS,1.066,http://www.fuelprices.gr/files/deltia/EBDOM_DELTIO_13_01_2017.pdf
2017-01-20,GAS,1.068,http://www.fuelprices.gr/files/deltia/EBDOM_DELTIO_20_01_2017.pdf
2017-01-27,GAS,1.06,http://www.fuelprices.gr/files/deltia/EBDOM_DELTIO_27_01_2017.pdf
2017-02-03,GAS,1.057,http://www.fuelprices.gr/files/deltia/EBDOM_DELTIO_03_02_2017.pdf
2017-02-10,GAS,1.056,http://www.fuelprices.gr/files/deltia/EBDOM_DELTIO_10_02_2017.pdf
2017-02-17,GAS,1.061,http://www.fuelprices.gr/files/deltia/EBDOM_DELTIO_17_02_2017.pdf
2017-02-24,GAS,1.063,http://www.fuelprices.gr/files/deltia/EBDOM_DELTIO_24_02_2017.pdf
2017-03-03,GAS,1.066,http://www.fuelprices.gr/files/deltia/EBDOM_DELTIO_03_03_2017.pdf
2017-03-10,GAS,1.054,http://www.fuelprices.gr/files/deltia/EBDOM_DELTIO_10_03_2017.pdf
2017-03-17,GAS,1.046,http://www.fuelprices.gr/files/deltia/EBDOM_DELTIO_17_03_2017.pdf
2017-03-24,GAS,1.035,http://www.fuelprices.gr/files/deltia/EBDOM_DELTIO_24_03_2017.pdf
2017-03-31,GAS,1.013,http://www.fuelprices.gr/files/deltia/EBDOM_DELTIO_31_03_2017.pdf
2017-04-07,GAS,1.02,http://www.fuelprices.gr/files/deltia/EBDOM_DELTIO_07_04_2017.pdf
2017-04-14,GAS,1.034,http://www.fuelprices.gr/files/deltia/EBDOM_DELTIO_14_04_2017.pdf
2017-04-21,GAS,1.036,http://www.fuelprices.gr/files/deltia/EBDOM_DELTIO_21_04_2017.pdf
2017-04-28,GAS,1.039,http://www.fuelprices.gr/files/deltia/EBDOM_DELTIO_28_04_2017.pdf
2017-06-23,GAS,0.785,http://www.fuelprices.gr/files/deltia/EBDOM_DELTIO_23_06_2017.pdf
2017-07-21,GAS,0.799,http://www.fuelprices.gr/files/deltia/EBDOM_DELTIO_21_07_2017.pdf
2017-08-11,GAS,0.84,http://www.fuelprices.gr/files/deltia/EBDOM_DELTIO_11_08_2017.pdf
2017-08-18,GAS,0.84,http://www.fuelprices.gr/files/deltia/EBDOM_DELTIO_18_08_2017.pdf
2017-09-08,GAS,0.84,http://www.fuelprices.gr/files/deltia/EBDOM_DELTIO_08_09_2017.pdf
2017-09-15,GAS,0.84,http://www.fuelprices.gr/files/deltia/EBDOM_DELTIO_15_09_2017.pdf
2017-09-22,GAS,0.839,http://www.fuelprices.gr/files/deltia/EBDOM_DELTIO_22_09_2017.pdf
2017-09-29,GAS,0.839,http://www.fuelprices.gr/files/deltia/EBDOM_DELTIO_29_09_2017.pdf
2017-10-06,GAS,0.859,http://www.fuelprices.gr/files/deltia/EBDOM_DELTIO_06_10_2017.pdf
2017-10-13,GAS,0.989,http://www.fuelprices.gr/files/deltia/EBDOM_DELTIO_13_10_2017.pdf
2017-10-20,GAS,1.007,http://www.fuelprices.gr/files/deltia/EBDOM_DELTIO_20_10_2017.pdf
2017-10-27,GAS,1.016,http://www.fuelprices.gr/files/deltia/EBDOM_DELTIO_27_10_2017.pdf
2017-11-03,GAS,1.018,http://www.fuelprices.gr/files/deltia/EBDOM_DELTIO_03_11_2017.pdf
2017-11-10,GAS,1.039,http://www.fuelprices.gr/files/deltia/EBDOM_DELTIO_10_11_2017.pdf
2017-11-17,GAS,1.039,http://www.fuelprices.gr/files/deltia/EBDOM_DELTIO_17_11_2017.pdf
2017-11-24,GAS,1.048,http://www.fuelprices.gr/files/deltia/EBDOM_DELTIO_24_11_2017.pdf
2017-12-01,GAS,1.064,http://www.fuelprices.gr/files/deltia/EBDOM_DELTIO_01_12_2017.pdf
2017-12-08,GAS,1.064,http://www.fuelprices.gr/files/deltia/EBDOM_DELTIO_08_12_2017.pdf
2017-12-15,GAS,1.058,http://www.fuelprices.gr/files/deltia/EBDOM_DELTIO_15_12_2017.pdf
2017-12-22,GAS,1.057,http://www.fuelprices.gr/files/deltia/EBDOM_DELTIO_22_12_2017.pdf
2017-12-29,GAS,1.065,http://www.fuelprices.gr/files/deltia/EBDOM_DELTIO_29_12_2017.pdf
2017-01-06,SUPER,1.877,http://www.fuelprices.gr/files/deltia/EBDOM_DELTIO_06_01_2017.pdf
2017-01-13,SUPER,1.877,http://www.fuelprices.gr/files/deltia/EBDOM_DELTIO_13_01_2017.pdf
2017-01-20,SUPER,1.877,http://www.fuelprices.gr/files/deltia/EBDOM_DELTIO_20_01_2017.pdf
2017-01-27,SUPER,1.877,http://www.fuelprices.gr/files/deltia/EBDOM_DELTIO_27_01_2017.pdf
2017-02-03,SUPER,1.877,http://www.fuelprices.gr/files/deltia/EBDOM_DELTIO_03_02_2017.pdf
2017-02-10,SUPER,1.877,http://www.fuelprices.gr/files/deltia/EBDOM_DELTIO_10_02_2017.pdf
2017-02-17,SUPER,1.877,http://www.fuelprices.gr/files/deltia/EBDOM_DELTIO_17_02_2017.pdf
2017-02-24,SUPER,1.877,http://www.fuelprices.gr/files/deltia/EBDOM_DELTIO_24_02_2017.pdf
2017-03-03,SUPER,1.877,http://www.fuelprices.gr/files/deltia/EBDOM_DELTIO_03_03_2017.pdf
2017-03-10,SUPER,1.877,http://www.fuelprices.gr/files/deltia/EBDOM_DELTIO_10_03_2017.pdf
2017-03-17,SUPER,1.877,http://www.fuelprices.gr/files/deltia/EBDOM_DELTIO_17_03_2017.pdf
2017-05-12,SUPER,1.798,http://www.fuelprices.gr/files/deltia/EBDOM_DELTIO_12_05_2017.pdf
2017-05-19,SUPER,1.798,http://www.fuelprices.gr/files/deltia/EBDOM_DELTIO_19_05_2017.pdf
2017-05-26,SUPER,1.798,http://www.fuelprices.gr/files/deltia/EBDOM_DELTIO_26_05_2017.pdf
2017-01-06,UNLEADED_100,1.884,http://www.fuelprices.gr/files/deltia/EBDOM_DELTIO_06_01_2017.pdf
2017-01-13,UNLEADED_100,1.884,http://www.fuelprices.gr/files/deltia/EBDOM_DELTIO_13_01_2017.pdf
2017-01-20,UNLEADED_100,1.884,http://www.fuelprices.gr/files/deltia/EBDOM_DELTIO_20_01_2017.pdf
2017-01-27,UNLEADED_100,1.884,http://www.fuelprices.gr/files/deltia/EBDOM_DELTIO_27_01_2017.pdf
2017-02-03,UNLEADED_100,1.884,http://www.fuelprices.gr/files/deltia/EBDOM_DELTIO_03_02_2017.pdf
2017-02-10,UNLEADED_100,1.887,http://www.fuelprices.gr/files/deltia/EBDOM_DELTIO_10_02_2017.pdf
2017-02-17,UNLEADED_100,1.887,http://www.fuelprices.gr/files/deltia/EBDOM_DELTIO_17_02_2017.pdf
2017-02-24,UNLEADED_100,1.887,http://www.fuelprices.gr/files/deltia/EBDOM_DELTIO_24_02_2017.pdf
2017-03-03,UNLEADED_100,1.879,http://www.fuelprices.gr/files/deltia/EBDOM_DELTIO_03_03_2017.pdf
2017-03-10,UNLEADED_100,1.874,http://www.fuelprices.gr/files/deltia/EBDOM_DELTIO_10_03_2017.pdf
2017-03-17,UNLEADED_100,1.874,http://www.fuelprices.gr/files/deltia/EBDOM_DELTIO_17_03_2017.pdf
2017-03-24,UNLEADED_100,1.867,http://www.fuelprices.gr/files/deltia/EBDOM_DELTIO_24_03_2017.pdf
2017-03-31,UNLEADED_100,1.867,http://www.fuelprices.gr/files/deltia/EBDOM_DELTIO_31_03_2017.pdf
2017-04-07,UNLEADED_100,1.871,http://www.fuelprices.gr/files/deltia/EBDOM_DELTIO_07_04_2017.pdf
2017-04-14,UNLEADED_100,1.871,http://www.fuelprices.gr/files/deltia/EBDOM_DELTIO_14_04_2017.pdf
2017-04-21,UNLEADED_100,1.871,http://www.fuelprices.gr/files/deltia/EBDOM_DELTIO_21_04_2017.pdf
2017-04-28,UNLEADED_100,1.871,http://www.fuelprices.gr/files/deltia/EBDOM_DELTIO_28_04_2017.pdf
2017-05-05,UNLEADED_100,1.865,http://www.fuelprices.gr/files/deltia/EBDOM_DELTIO_05_05_2017.pdf
2017-05-12,UNLEADED_100,1.863,http://www.fuelprices.gr/files/deltia/EBDOM_DELTIO_12_05_2017.pdf
2017-05-19,UNLEADED_100,1.869,http://www.fuelprices.gr/files/deltia/EBDOM_DELTIO_19_05_2017.pdf
2017-05-26,UNLEADED_100,1.863,http://www.fuelprices.gr/files/deltia/EBDOM_DELTIO_26_05_2017.pdf
2017-06-02,UNLEADED_100,1.778,http://www.fuelprices.gr/files/deltia/EBDOM_DELTIO_02_06_2017.pdf
2017-06-09,UNLEADED_100,1.834,http://www.fuelprices.gr/files/deltia/EBDOM_DELTIO_09_06_2017.pdf
2017-06-16,UNLEADED_100,1.839,http://www.fuelprices.gr/files/deltia/EBDOM_DELTIO_16_06_2017.pdf
2017-06-23,UNLEADED_100,1.815,http://www.fuelprices.gr/files/deltia/EBDOM_DELTIO_23_06_2017.pdf
2017-06-30,UNLEADED_100,1.79,http://www.fuelprices.gr/files/deltia/EBDOM_DELTIO_30_06_2017.pdf
2017-07-14,UNLEADED_100,1.799,http://www.fuelprices.gr/files/deltia/EBDOM_DELTIO_14_07_2017.pdf
2017-07-21,UNLEADED_100,1.799,http://www.fuelprices.gr/files/deltia/EBDOM_DELTIO_21_07_2017.pdf
2017-07-28,UNLEADED_100,1.804,http://www.fuelprices.gr/files/deltia/EBDOM_DELTIO_28_07_2017.pdf
2017-08-04,UNLEADED_100,1.802,http://www.fuelprices.gr/files/deltia/EBDOM_DELTIO_04_08_2017.pdf
2017-08-11,UNLEADED_100,1.792,http://www.fuelprices.gr/files/deltia/EBDOM_DELTIO_11_08_2017.pdf
2017-08-18,UNLEADED_100,1.766,http://www.fuelprices.gr/files/deltia/EBDOM_DELTIO_18_08_2017.pdf
2017-08-25,UNLEADED_100,1.63,http://www.fuelprices.gr/files/deltia/EBDOM_DELTIO_25_08_2017.pdf
2017-09-01,UNLEADED_100,1.82,http://www.fuelprices.gr/files/deltia/EBDOM_DELTIO_01_09_2017.pdf
2017-09-08,UNLEADED_100,1.834,http://www.fuelprices.gr/files/deltia/EBDOM_DELTIO_08_09_2017.pdf
2017-09-15,UNLEADED_100,1.813,http://www.fuelprices.gr/files/deltia/EBDOM_DELTIO_15_09_2017.pdf
2017-09-22,UNLEADED_100,1.795,http://www.fuelprices.gr/files/deltia/EBDOM_DELTIO_22_09_2017.pdf
2017-09-29,UNLEADED_100,1.814,http://www.fuelprices.gr/files/deltia/EBDOM_DELTIO_29_09_2017.pdf
2017-10-06,UNLEADED_100,1.819,http://www.fuelprices.gr/files/deltia/EBDOM_DELTIO_06_10_2017.pdf
2017-10-13,UNLEADED_100,1.804,http://www.fuelprices.gr/files/deltia/EBDOM_DELTIO_13_10_2017.pdf
2017-10-20,UNLEADED_100,1.795,http://www.fuelprices.gr/files/deltia/EBDOM_DELTIO_20_10_2017.pdf
2017-10-27,UNLEADED_100,1.795,http://www.fuelprices.gr/files/deltia/EBDOM_DELTIO_27_10_2017.pdf
2017-11-03,UNLEADED_100,1.827,http://www.fuelprices.gr/files/deltia/EBDOM_DELTIO_03_11_2017.pdf
2017-11-10,UNLEADED_100,1.838,http://www.fuelprices.gr/files/deltia/EBDOM_DELTIO_10_11_2017.pdf
2017-11-17,UNLEADED_100,1.845,http://www.fuelprices.gr/files/deltia/EBDOM_DELTIO_17_11_2017.pdf
2017-11-24,UNLEADED_100,1.845,http://www.fuelprices.gr/files/deltia/EBDOM_DELTIO_24_11_2017.pdf
2017-12-01,UNLEADED_100,1.802,http://www.fuelprices.gr/files/deltia/EBDOM_DELTIO_01_12_2017.pdf
2017-12-08,UNLEADED_100,1.89,http://www.fuelprices.gr/files/deltia/EBDOM_DELTIO_08_12_2017.pdf
2017-12-15,UNLEADED_100,1.842,http://www.fuelprices.gr/files/deltia/EBDOM_DELTIO_15_12_2017.pdf
2017-12-22,UNLEADED_100,1.852,http://www.fuelprices.gr/files/deltia/EBDOM_DELTIO_22_12_2017.pdf
2017-12-29,UNLEADED_100,1.855,http://www.fuelprices.gr/files/deltia/EBDOM_DELTIO_29_12_2017.pdf
2017-01-06,UNLEADED_95,1.641,http://www.fuelprices.gr/files/deltia/EBDOM_DELTIO_06_01_2017.pdf
2017-01-13,UNLEADED_95,1.641,http://www.fuelprices.gr/files/deltia/EBDOM_DELTIO_13_01_2017.pdf
2017-01-20,UNLEADED_95,1.64,http://www.fuelprices.gr/files/deltia/EBDOM_DELTIO_20_01_2017.pdf
2017-01-27,UNLEADED_95,1.636,http://www.fuelprices.gr/files/deltia/EBDOM_DELTIO_27_01_2017.pdf
2017-02-03,UNLEADED_95,1.63,http://www.fuelprices.gr/files/deltia/EBDOM_DELTIO_03_02_2017.pdf
2017-02-10,UNLEADED_95,1.631,http://www.fuelprices.gr/files/deltia/EBDOM_DELTIO_10_02_2017.pdf
2017-02-17,UNLEADED_95,1.635,http://www.fuelprices.gr/files/deltia/EBDOM_DELTIO_17_02_2017.pdf
2017-02-24,UNLEADED_95,1.646,http://www.fuelprices.gr/files/deltia/EBDOM_DELTIO_24_02_2017.pdf
2017-03-03,UNLEADED_95,1.643,http://www.fuelprices.gr/files/deltia/EBDOM_DELTIO_03_03_2017.pdf
2017-03-10,UNLEADED_95,1.626,http://www.fuelprices.gr/files/deltia/EBDOM_DELTIO_10_03_2017.pdf
2017-03-17,UNLEADED_95,1.609,http://www.fuelprices.gr/files/deltia/EBDOM_DELTIO_17_03_2017.pdf
2017-03-24,UNLEADED_95,1.606,http://www.fuelprices.gr/files/deltia/EBDOM_DELTIO_24_03_2017.pdf
2017-03-31,UNLEADED_95,1.593,http://www.fuelprices.gr/files/deltia/EBDOM_DELTIO_31_03_2017.pdf
2017-04-07,UNLEADED_95,1.62,http://www.fuelprices.gr/files/deltia/EBDOM_DELTIO_07_04_2017.pdf
2017-04-14,UNLEADED_95,1.638,http://www.fuelprices.gr/files/deltia/EBDOM_DELTIO_14_04_2017.pdf
2017-04-21,UNLEADED_95,1.639,http://www.fuelprices.gr/files/deltia/EBDOM_DELTIO_21_04_2017.pdf
2017-04-28,UNLEADED_95,1.627,http://www.fuelprices.gr/files/deltia/EBDOM_DELTIO_28_04_2017.pdf
2017-05-05,UNLEADED_95,1.619,http://www.fuelprices.gr/files/deltia/EBDOM_DELTIO_05_05_2017.pdf
2017-05-12,UNLEADED_95,1.609,http://www.fuelprices.gr/files/deltia/EBDOM_DELTIO_12_05_2017.pdf
2017-05-19,UNLEADED_95,1.605,http://www.fuelprices.gr/files/deltia/EBDOM_DELTIO_19_05_2017.pdf
2017-05-26,UNLEADED_95,1.601,http://www.fuelprices.gr/files/deltia/EBDOM_DELTIO_26_05_2017.pdf
2017-06-02,UNLEADED_95,1.6,http://www.fuelprices.gr/files/deltia/EBDOM_DELTIO_02_06_2017.pdf
2017-06-09,UNLEADED_95,1.6,http://www.fuelprices.gr/files/deltia/EBDOM_DELTIO_09_06_2017.pdf
2017-06-16,UNLEADED_95,1.569,http://www.fuelprices.gr/files/deltia/EBDOM_DELTIO_16_06_2017.pdf
2017-06-23,UNLEADED_95,1.55,http://www.fuelprices.gr/files/deltia/EBDOM_DELTIO_23_06_2017.pdf
2017-06-30,UNLEADED_95,1.537,http://www.fuelprices.gr/files/deltia/EBDOM_DELTIO_30_06_2017.pdf
2017-07-14,UNLEADED_95,1.545,http://www.fuelprices.gr/files/deltia/EBDOM_DELTIO_14_07_2017.pdf
2017-07-21,UNLEADED_95,1.547,http://www.fuelprices.gr/files/deltia/EBDOM_DELTIO_21_07_2017.pdf
2017-07-28,UNLEADED_95,1.55,http://www.fuelprices.gr/files/deltia/EBDOM_DELTIO_28_07_2017.pdf
2017-08-04,UNLEADED_95,1.561,http://www.fuelprices.gr/files/deltia/EBDOM_DELTIO_04_08_2017.pdf
2017-08-11,UNLEADED_95,1.567,http://www.fuelprices.gr/files/deltia/EBDOM_DELTIO_11_08_2017.pdf
2017-08-18,UNLEADED_95,1.57,http://www.fuelprices.gr/files/deltia/EBDOM_DELTIO_18_08_2017.pdf
2017-08-25,UNLEADED_95,1.573,http://www.fuelprices.gr/files/deltia/EBDOM_DELTIO_25_08_2017.pdf
2017-09-01,UNLEADED_95,1.569,http://www.fuelprices.gr/files/deltia/EBDOM_DELTIO_01_09_2017.pdf
2017-09-08,UNLEADED_95,1.586,http://www.fuelprices.gr/files/deltia/EBDOM_DELTIO_08_09_2017.pdf
2017-09-15,UNLEADED_95,1.594,http://www.fuelprices.gr/files/deltia/EBDOM_DELTIO_15_09_2017.pdf
2017-09-22,UNLEADED_95,1.591,http://www.fuelprices.gr/files/deltia/EBDOM_DELTIO_22_09_2017.pdf
2017-09-29,UNLEADED_95,1.59,http://www.fuelprices.gr/files/deltia/EBDOM_DELTIO_29_09_2017.pdf
2017-10-06,UNLEADED_95,1.597,http://www.fuelprices.gr/files/deltia/EBDOM_DELTIO_06_10_2017.pdf
2017-10-13,UNLEADED_95,1.59,http://www.fuelprices.gr/files/deltia/EBDOM_DELTIO_13_10_2017.pdf
2017-10-20,UNLEADED_95,1.593,http://www.fuelprices.gr/files/deltia/EBDOM_DELTIO_20_10_2017.pdf
2017-10-27,UNLEADED_95,1.599,http://www.fuelprices.gr/files/deltia/EBDOM_DELTIO_27_10_2017.pdf
2017-11-03,UNLEADED_95,1.599,http://www.fuelprices.gr/files/deltia/EBDOM_DELTIO_03_11_2017.pdf
2017-11-10,UNLEADED_95,1.615,http://www.fuelprices.gr/files/deltia/EBDOM_DELTIO_10_11_2017.pdf
2017-11-17,UNLEADED_95,1.62,http://www.fuelprices.gr/files/deltia/EBDOM_DELTIO_17_11_2017.pdf
2017-11-24,UNLEADED_95,1.627,http://www.fuelprices.gr/files/deltia/EBDOM_DELTIO_24_11_2017.pdf
2017-12-01,UNLEADED_95,1.627,http://www.fuelprices.gr/files/deltia/EBDOM_DELTIO_01_12_2017.pdf
2017-12-08,UNLEADED_95,1.646,http://www.fuelprices.gr/files/deltia/EBDOM_DELTIO_08_12_2017.pdf
2017-12-15,UNLEADED_95,1.627,http://www.fuelprices.gr/files/deltia/EBDOM_DELTIO_15_12_2017.pdf
2017-12-22,UNLEADED_95,1.629,http://www.fuelprices.gr/files/deltia/EBDOM_DELTIO_22_12_2017.pdf
2017-12-29,UNLEADED_95,1.631,http://www.fuelprices.gr/files/deltia/EBDOM_DELTIO_29_12_2017.pdf
2018-01-05,DIESEL,1.393,http://www.fuelprices.gr/files/deltia/EBDOM_DELTIO_05_01_2018..pdf
2018-01-12,DIESEL,1.398,http://www.fuelprices.gr/files/deltia/EBDOM_DELTIO_12_01_2018.pdf
2018-01-19,DIESEL,1.405,http://www.fuelprices.gr/files/deltia/EBDOM_DELTIO_19_01_2018.pdf
2018-01-26,DIESEL,1.408,http://www.fuelprices.gr/files/deltia/EBDOM_DELTIO_26_01_2018.pdf
2018-02-02,DIESEL,1.399,http://www.fuelprices.gr/files/deltia/EBDOM_DELTIO_02_02_2018.pdf
2018-02-09,DIESEL,1.41,http://www.fuelprices.gr/files/deltia/EBDOM_DELTIO_09_02_2018.pdf
2018-02-16,DIESEL,1.388,http://www.fuelprices.gr/files/deltia/EBDOM_DELTIO_16_02_2018.pdf
2018-02-23,DIESEL,1.375,http://www.fuelprices.gr/files/deltia/EBDOM_DELTIO_23_02_2018.pdf
2018-03-02,DIESEL,1.387,http://www.fuelprices.gr/files/deltia/EBDOM_DELTIO_02_03_2018.pdf
2018-03-09,DIESEL,1.387,http://www.fuelprices.gr/files/deltia/EBDOM_DELTIO_09_03_2018.pdf
2018-03-16,DIESEL,1.384,http://www.fuelprices.gr/files/deltia/EBDOM_DELTIO_16_03_2018.pdf
2018-03-23,DIESEL,1.394,http://www.fuelprices.gr/files/deltia/EBDOM_DELTIO_23_03_2018.pdf
2018-03-30,DIESEL,1.39,http://www.fuelprices.gr/files/deltia/EBDOM_DELTIO_30_03_2018.pdf
2018-04-06,DIESEL,1.388,http://www.fuelprices.gr/files/deltia/EBDOM_DELTIO_06_04_2018.pdf
2018-04-13,DIESEL,1.417,http://www.fuelprices.gr/files/deltia/EBDOM_DELTIO_13_04_2018.pdf
2018-04-20,DIESEL,1.419,http://www.fuelprices.gr/files/deltia/EBDOM_DELTIO_20_04_2018.pdf
2018-04-27,DIESEL,1.432,http://www.fuelprices.gr/files/deltia/EBDOM_DELTIO_27_04_2018.pdf
2018-05-04,DIESEL,1.443,http://www.fuelprices.gr/files/deltia/EBDOM_DELTIO_04_05_2018.pdf
2018-05-11,DIESEL,1.46,http://www.fuelprices.gr/files/deltia/EBDOM_DELTIO_11_05_2018.pdf
2018-05-18,DIESEL,1.492,http://www.fuelprices.gr/files/deltia/EBDOM_DELTIO_18_05_2018.pdf
2018-05-25,DIESEL,1.501,http://www.fuelprices.gr/files/deltia/EBDOM_DELTIO_25_05_2018.pdf
2018-06-01,DIESEL,1.514,http://www.fuelprices.gr/files/deltia/EBDOM_DELTIO_01_06_2018.pdf
2018-06-08,DIESEL,1.504,http://www.fuelprices.gr/files/deltia/EBDOM_DELTIO_08_06_2018.pdf
2018-06-15,DIESEL,1.493,http://www.fuelprices.gr/files/deltia/EBDOM_DELTIO_15_06_2018.pdf
2018-06-22,DIESEL,1.481,http://www.fuelprices.gr/files/deltia/EBDOM_DELTIO_22_06_2018.pdf
2018-06-29,DIESEL,1.489,http://www.fuelprices.gr/files/deltia/EBDOM_DELTIO_29_06_2018.pdf
2018-07-06,DIESEL,1.506,http://www.fuelprices.gr/files/deltia/EBDOM_DELTIO_06_07_2018.pdf
2018-07-13,DIESEL,1.496,http://www.fuelprices.gr/files/deltia/EBDOM_DELTIO_13_07_2018.pdf
2018-07-20,DIESEL,1.48,http://www.fuelprices.gr/files/deltia/EBDOM_DELTIO_20_07_2018.pdf
2018-07-27,DIESEL,1.479,http://www.fuelprices.gr/files/deltia/EBDOM_DELTIO_27_07_2018.pdf
2018-08-03,DIESEL,1.498,http://www.fuelprices.gr/files/deltia/EBDOM_DELTIO_03_08_2018.pdf
2018-08-10,DIESEL,1.489,http://www.fuelprices.gr/files/deltia/EBDOM_DELTIO_10_08_2018.pdf
2018-08-17,DIESEL,1.486,http://www.fuelprices.gr/files/deltia/EBDOM_DELTIO_17_08_2018.pdf
2018-08-24,DIESEL,1.495,http://www.fuelprices.gr/files/deltia/EBDOM_DELTIO_24_08_2018.pdf
2018-08-31,DIESEL,1.5,http://www.fuelprices.gr/files/deltia/EBDOM_DELTIO_31_08_2018.pdf
2018-09-07,DIESEL,1.52,http://www.fuelprices.gr/files/deltia/EBDOM_DELTIO_07_09_2018.pdf
2018-09-14,DIESEL,1.511,http://www.fuelprices.gr/files/deltia/EBDOM_DELTIO_14_09_2018.pdf
2018-09-21,DIESEL,1.504,http://www.fuelprices.gr/files/deltia/EBDOM_DELTIO_21_09_2018.pdf
2018-09-28,DIESEL,1.527,http://www.fuelprices.gr/files/deltia/EBDOM_DELTIO_28_09_2018.pdf
2018-10-05,DIESEL,1.545,http://www.fuelprices.gr/files/deltia/EBDOM_DELTIO_05_10_2018.pdf
2018-10-12,DIESEL,1.565,http://www.fuelprices.gr/files/deltia/EBDOM_DELTIO_12_10_2018.pdf
2018-10-19,DIESEL,1.566,http://www.fuelprices.gr/files/deltia/EBDOM_DELTIO_19_10_2018.pdf
2018-10-26,DIESEL,1.569,http://www.fuelprices.gr/files/deltia/EBDOM_DELTIO_26_10_2018.pdf
2018-11-02,DIESEL,1.557,http://www.fuelprices.gr/files/deltia/EBDOM_DELTIO_02_11_2018.pdf
2018-11-09,DIESEL,1.554,http://www.fuelprices.gr/files/deltia/EBDOM_DELTIO_09_11_2018.pdf
2018-11-16,DIESEL,1.529,http://www.fuelprices.gr/files/deltia/EBDOM_DELTIO_16_11_2018.pdf
2018-11-23,DIESEL,1.516,http://www.fuelprices.gr/files/deltia/EBDOM_DELTIO_23_11_2018.pdf
2018-11-30,DIESEL,1.499,http://www.fuelprices.gr/files/deltia/EBDOM_DELTIO_30_11_2018.pdf
2018-12-07,DIESEL,1.463,http://www.fuelprices.gr/files/deltia/EBDOM_DELTIO_07_12_2018.pdf
2018-12-14,DIESEL,1.453,http://www.fuelprices.gr/files/deltia/EBDOM_DELTIO_14_12_2018.pdf
2018-12-21,DIESEL,1.446,http://www.fuelprices.gr/files/deltia/EBDOM_DELTIO_21_12_2018.pdf
2018-12-28,DIESEL,1.427,http://www.fuelprices.gr/files/deltia/EBDOM_DELTIO_28_12_2018.pdf
2018-01-05,DIESEL_HEATING,0.899,http://www.fuelprices.gr/files/deltia/EBDOM_DELTIO_05_01_2018..pdf
2018-01-12,DIESEL_HEATING,0.899,http://www.fuelprices.gr/files/deltia/EBDOM_DELTIO_12_01_2018.pdf
2018-01-19,DIESEL_HEATING,0.899,http://www.fuelprices.gr/files/deltia/EBDOM_DELTIO_19_01_2018.pdf
2018-01-26,DIESEL_HEATING,0.899,http://www.fuelprices.gr/files/deltia/EBDOM_DELTIO_26_01_2018.pdf
2018-02-02,DIESEL_HEATING,0.865,http://www.fuelprices.gr/files/deltia/EBDOM_DELTIO_02_02_2018.pdf
2018-02-09,DIESEL_HEATING,0.867,http://www.fuelprices.gr/files/deltia/EBDOM_DELTIO_09_02_2018.pdf
2018-02-16,DIESEL_HEATING,0.831,http://www.fuelprices.gr/files/deltia/EBDOM_DELTIO_16_02_2018.pdf
2018-02-23,DIESEL_HEATING,0.831,http://www.fuelprices.gr/files/deltia/EBDOM_DELTIO_23_02_2018.pdf
2018-03-02,DIESEL_HEATING,0.834,http://www.fuelprices.gr/files/deltia/EBDOM_DELTIO_02_03_2018.pdf
2018-03-09,DIESEL_HEATING,0.834,http://www.fuelprices.gr/files/deltia/EBDOM_DELTIO_09_03_2018.pdf
2018-03-16,DIESEL_HEATING,0.821,http://www.fuelprices.gr/files/deltia/EBDOM_DELTIO_16_03_2018.pdf
2018-03-23,DIESEL_HEATING,0.821,http://www.fuelprices.gr/files/deltia/EBDOM_DELTIO_23_03_2018.pdf
2018-03-30,DIESEL_HEATING,0.834,http://www.fuelprices.gr/files/deltia/EBDOM_DELTIO_30_03_2018.pdf
2018-04-06,DIESEL_HEATING,0.834,http://www.fuelprices.gr/files/deltia/EBDOM_DELTIO_06_04_2018.pdf
2018-04-13,DIESEL_HEATING,0.831,http://www.fuelprices.gr/files/deltia/EBDOM_DELTIO_13_04_2018.pdf
2018-04-20,DIESEL_HEATING,0.831,http://www.fuelprices.gr/files/deltia/EBDOM_DELTIO_20_04_2018.pdf
2018-04-27,DIESEL_HEATING,0.83,http://www.fuelprices.gr/files/deltia/EBDOM_DELTIO_27_04_2018.pdf
2018-10-19,DIESEL_HEATING,0.933,http://www.fuelprices.gr/files/deltia/EBDOM_DELTIO_19_10_2018.pdf
2018-10-26,DIESEL_HEATING,0.933,http://www.fuelprices.gr/files/deltia/EBDOM_DELTIO_26_10_2018.pdf
2018-11-16,DIESEL_HEATING,0.853,http://www.fuelprices.gr/files/deltia/EBDOM_DELTIO_16_11_2018.pdf
2018-11-23,DIESEL_HEATING,0.837,http://www.fuelprices.gr/files/deltia/EBDOM_DELTIO_23_11_2018.pdf
2018-11-30,DIESEL_HEATING,0.827,http://www.fuelprices.gr/files/deltia/EBDOM_DELTIO_30_11_2018.pdf
2018-12-21,DIESEL_HEATING,0.805,http://www.fuelprices.gr/files/deltia/EBDOM_DELTIO_21_12_2018.pdf
2018-12-28,DIESEL_HEATING,0.796,http://www.fuelprices.gr/files/deltia/EBDOM_DELTIO_28_12_2018.pdf
2018-01-05,GAS,1.076,http://www.fuelprices.gr/files/deltia/EBDOM_DELTIO_05_01_2018..pdf
2018-01-12,GAS,1.084,http://www.fuelprices.gr/files/deltia/EBDOM_DELTIO_12_01_2018.pdf
2018-01-19,GAS,1.091,http://www.fuelprices.gr/files/deltia/EBDOM_DELTIO_19_01_2018.pdf
2018-01-26,GAS,1.091,http://www.fuelprices.gr/files/deltia/EBDOM_DELTIO_26_01_2018.pdf
2018-02-02,GAS,1.106,http://www.fuelprices.gr/files/deltia/EBDOM_DELTIO_02_02_2018.pdf
2018-02-09,GAS,1.083,http://www.fuelprices.gr/files/deltia/EBDOM_DELTIO_09_02_2018.pdf
2018-02-16,GAS,1.062,http://www.fuelprices.gr/files/deltia/EBDOM_DELTIO_16_02_2018.pdf
2018-02-23,GAS,1.053,http://www.fuelprices.gr/files/deltia/EBDOM_DELTIO_23_02_2018.pdf
2018-03-02,GAS,1.052,http://www.fuelprices.gr/files/deltia/EBDOM_DELTIO_02_03_2018.pdf
2018-03-09,GAS,1.057,http://www.fuelprices.gr/files/deltia/EBDOM_DELTIO_09_03_2018.pdf
2018-03-16,GAS,1.059,http://www.fuelprices.gr/files/deltia/EBDOM_DELTIO_16_03_2018.pdf
2018-03-23,GAS,1.062,http://www.fuelprices.gr/files/deltia/EBDOM_DELTIO_23_03_2018.pdf
2018-03-30,GAS,1.064,http://www.fuelprices.gr/files/deltia/EBDOM_DELTIO_30_03_2018.pdf
2018-04-06,GAS,1.066,http://www.fuelprices.gr/files/deltia/EBDOM_DELTIO_06_04_2018.pdf
2018-04-13,GAS,1.088,http://www.fuelprices.gr/files/deltia/EBDOM_DELTIO_13_04_2018.pdf
2018-04-20,GAS,1.092,http://www.fuelprices.gr/files/deltia/EBDOM_DELTIO_20_04_2018.pdf
2018-04-27,GAS,1.099,http://www.fuelprices.gr/files/deltia/EBDOM_DELTIO_27_04_2018.pdf
2018-05-04,GAS,1.104,http://www.fuelprices.gr/files/deltia/EBDOM_DELTIO_04_05_2018.pdf
2018-05-11,GAS,0.877,http://www.fuelprices.gr/files/deltia/EBDOM_DELTIO_11_05_2018.pdf
2018-05-18,GAS,0.886,http://www.fuelprices.gr/files/deltia/EBDOM_DELTIO_18_05_2018.pdf
2018-05-25,GAS,0.896,http://www.fuelprices.gr/files/deltia/EBDOM_DELTIO_25_05_2018.pdf
2018-06-01,GAS,0.896,http://www.fuelprices.gr/files/deltia/EBDOM_DELTIO_01_06_2018.pdf
2018-06-08,GAS,0.896,http://www.fuelprices.gr/files/deltia/EBDOM_DELTIO_08_06_2018.pdf
2018-06-15,GAS,0.888,http://www.fuelprices.gr/files/deltia/EBDOM_DELTIO_15_06_2018.pdf
2018-06-22,GAS,0.877,http://www.fuelprices.gr/files/deltia/EBDOM_DELTIO_22_06_2018.pdf
2018-06-29,GAS,0.872,http://www.fuelprices.gr/files/deltia/EBDOM_DELTIO_29_06_2018.pdf
2018-07-06,GAS,0.879,http://www.fuelprices.gr/files/deltia/EBDOM_DELTIO_06_07_2018.pdf
2018-07-13,GAS,0.897,http://www.fuelprices.gr/files/deltia/EBDOM_DELTIO_13_07_2018.pdf
2018-07-20,GAS,0.877,http://www.fuelprices.gr/files/deltia/EBDOM_DELTIO_20_07_2018.pdf
2018-07-27,GAS,0.882,http://www.fuelprices.gr/files/deltia/EBDOM_DELTIO_27_07_2018.pdf
2018-08-03,GAS,0.882,http://www.fuelprices.gr/files/deltia/EBDOM_DELTIO_03_08_2018.pdf
2018-08-10,GAS,0.894,http://www.fuelprices.gr/files/deltia/EBDOM_DELTIO_10_08_2018.pdf
2018-08-17,GAS,0.894,http://www.fuelprices.gr/files/deltia/EBDOM_DELTIO_17_08_2018.pdf
2018-08-24,GAS,0.894,http://www.fuelprices.gr/files/deltia/EBDOM_DELTIO_24_08_2018.pdf
2018-08-31,GAS,0.894,http://www.fuelprices.gr/files/deltia/EBDOM_DELTIO_31_08_2018.pdf
2018-09-07,GAS,0.925,http://www.fuelprices.gr/files/deltia/EBDOM_DELTIO_07_09_2018.pdf
2018-09-14,GAS,0.917,http://www.fuelprices.gr/files/deltia/EBDOM_DELTIO_14_09_2018.pdf
2018-09-21,GAS,0.922,http://www.fuelprices.gr/files/deltia/EBDOM_DELTIO_21_09_2018.pdf
2018-09-28,GAS,0.928,http://www.fuelprices.gr/files/deltia/EBDOM_DELTIO_28_09_2018.pdf
2018-10-05,GAS,0.928,http://www.fuelprices.gr/files/deltia/EBDOM_DELTIO_05_10_2018.pdf
2018-10-19,GAS,1.197,http://www.fuelprices.gr/files/deltia/EBDOM_DELTIO_19_10_2018.pdf
2018-10-26,GAS,1.209,http://www.fuelprices.gr/files/deltia/EBDOM_DELTIO_26_10_2018.pdf
2018-11-02,GAS,1.209,http://www.fuelprices.gr/files/deltia/EBDOM_DELTIO_02_11_2018.pdf
2018-11-09,GAS,1.209,http://www.fuelprices.gr/files/deltia/EBDOM_DELTIO_09_11_2018.pdf
2018-11-16,GAS,1.191,http://www.fuelprices.gr/files/deltia/EBDOM_DELTIO_16_11_2018.pdf
2018-11-23,GAS,1.174,http://www.fuelprices.gr/files/deltia/EBDOM_DELTIO_23_11_2018.pdf
2018-11-30,GAS,1.149,http://www.fuelprices.gr/files/deltia/EBDOM_DELTIO_30_11_2018.pdf
2018-12-07,GAS,1.119,http://www.fuelprices.gr/files/deltia/EBDOM_DELTIO_07_12_2018.pdf
2018-12-14,GAS,1.117,http://www.fuelprices.gr/files/deltia/EBDOM_DELTIO_14_12_2018.pdf
2018-12-21,GAS,1.11,http://www.fuelprices.gr/files/deltia/EBDOM_DELTIO_21_12_2018.pdf
2018-12-28,GAS,1.102,http://www.fuelprices.gr/files/deltia/EBDOM_DELTIO_28_12_2018.pdf
2018-01-05,UNLEADED_100,1.865,http://www.fuelprices.gr/files/deltia/EBDOM_DELTIO_05_01_2018..pdf
2018-01-12,UNLEADED_100,1.871,http://www.fuelprices.gr/files/deltia/EBDOM_DELTIO_12_01_2018.pdf
2018-01-19,UNLEADED_100,1.871,http://www.fuelprices.gr/files/deltia/EBDOM_DELTIO_19_01_2018.pdf
2018-01-26,UNLEADED_100,1.879,http://www.fuelprices.gr/files/deltia/EBDOM_DELTIO_26_01_2018.pdf
2018-02-02,UNLEADED_100,1.827,http://www.fuelprices.gr/files/deltia/EBDOM_DELTIO_02_02_2018.pdf
2018-02-09,UNLEADED_100,1.891,http://www.fuelprices.gr/files/deltia/EBDOM_DELTIO_09_02_2018.pdf
2018-02-16,UNLEADED_100,1.889,http://www.fuelprices.gr/files/deltia/EBDOM_DELTIO_16_02_2018.pdf
2018-02-23,UNLEADED_100,1.87,http://www.fuelprices.gr/files/deltia/EBDOM_DELTIO_23_02_2018.pdf
2018-03-02,UNLEADED_100,1.87,http://www.fuelprices.gr/files/deltia/EBDOM_DELTIO_02_03_2018.pdf
2018-03-09,UNLEADED_100,1.866,http://www.fuelprices.gr/files/deltia/EBDOM_DELTIO_09_03_2018.pdf
2018-03-16,UNLEADED_100,1.86,http://www.fuelprices.gr/files/deltia/EBDOM_DELTIO_16_03_2018.pdf
2018-03-23,UNLEADED_100,1.886,http://www.fuelprices.gr/files/deltia/EBDOM_DELTIO_23_03_2018.pdf
2018-03-30,UNLEADED_100,1.866,http://www.fuelprices.gr/files/deltia/EBDOM_DELTIO_30_03_2018.pdf
2018-04-06,UNLEADED_100,1.87,http://www.fuelprices.gr/files/deltia/EBDOM_DELTIO_06_04_2018.pdf
2018-04-13,UNLEADED_100,1.889,http://www.fuelprices.gr/files/deltia/EBDOM_DELTIO_13_04_2018.pdf
2018-04-20,UNLEADED_100,1.894,http://www.fuelprices.gr/files/deltia/EBDOM_DELTIO_20_04_2018.pdf
2018-04-27,UNLEADED_100,1.912,http://www.fuelprices.gr/files/deltia/EBDOM_DELTIO_27_04_2018.pdf
2018-05-04,UNLEADED_100,1.898,http://www.fuelprices.gr/files/deltia/EBDOM_DELTIO_04_05_2018.pdf
2018-05-11,UNLEADED_100,1.917,http://www.fuelprices.gr/files/deltia/EBDOM_DELTIO_11_05_2018.pdf
2018-05-18,UNLEADED_100,1.945,http://www.fuelprices.gr/files/deltia/EBDOM_DELTIO_18_05_2018.pdf
2018-05-25,UNLEADED_100,1.956,http://www.fuelprices.gr/files/deltia/EBDOM_DELTIO_25_05_2018.pdf
2018-06-01,UNLEADED_100,1.965,http://www.fuelprices.gr/files/deltia/EBDOM_DELTIO_01_06_2018.pdf
2018-06-08,UNLEADED_100,1.956,http://www.fuelprices.gr/files/deltia/EBDOM_DELTIO_08_06_2018.pdf
2018-06-15,UNLEADED_100,1.95,http://www.fuelprices.gr/files/deltia/EBDOM_DELTIO_15_06_2018.pdf
2018-06-22,UNLEADED_100,1.949,http://www.fuelprices.gr/files/deltia/EBDOM_DELTIO_22_06_2018.pdf
2018-06-29,UNLEADED_100,1.973,http://www.fuelprices.gr/files/deltia/EBDOM_DELTIO_29_06_2018.pdf
2018-07-06,UNLEADED_100,1.979,http://www.fuelprices.gr/files/deltia/EBDOM_DELTIO_06_07_2018.pdf
2018-07-13,UNLEADED_100,1.962,http://www.fuelprices.gr/files/deltia/EBDOM_DELTIO_13_07_2018.pdf
2018-07-20,UNLEADED_100,1.944,http://www.fuelprices.gr/files/deltia/EBDOM_DELTIO_20_07_2018.pdf
2018-07-27,UNLEADED_100,1.951,http://www.fuelprices.gr/files/deltia/EBDOM_DELTIO_27_07_2018.pdf
2018-08-03,UNLEADED_100,1.979,http://www.fuelprices.gr/files/deltia/EBDOM_DELTIO_03_08_2018.pdf
2018-08-10,UNLEADED_100,1.954,http://www.fuelprices.gr/files/deltia/EBDOM_DELTIO_10_08_2018.pdf
2018-08-17,UNLEADED_100,1.934,http://www.fuelprices.gr/files/deltia/EBDOM_DELTIO_17_08_2018.pdf
2018-08-24,UNLEADED_100,1.985,http://www.fuelprices.gr/files/deltia/EBDOM_DELTIO_24_08_2018.pdf
2018-08-31,UNLEADED_100,1.976,http://www.fuelprices.gr/files/deltia/EBDOM_DELTIO_31_08_2018.pdf
2018-09-07,UNLEADED_100,1.98,http://www.fuelprices.gr/files/deltia/EBDOM_DELTIO_07_09_2018.pdf
2018-09-14,UNLEADED_100,1.98,http://www.fuelprices.gr/files/deltia/EBDOM_DELTIO_14_09_2018.pdf
2018-09-21,UNLEADED_100,1.985,http://www.fuelprices.gr/files/deltia/EBDOM_DELTIO_21_09_2018.pdf
2018-09-28,UNLEADED_100,1.988,http://www.fuelprices.gr/files/deltia/EBDOM_DELTIO_28_09_2018.pdf
2018-10-05,UNLEADED_100,1.989,http://www.fuelprices.gr/files/deltia/EBDOM_DELTIO_05_10_2018.pdf
2018-10-12,UNLEADED_100,1.989,http://www.fuelprices.gr/files/deltia/EBDOM_DELTIO_12_10_2018.pdf
2018-10-19,UNLEADED_100,1.998,http://www.fuelprices.gr/files/deltia/EBDOM_DELTIO_19_10_2018.pdf
2018-10-26,UNLEADED_100,1.994,http://www.fuelprices.gr/files/deltia/EBDOM_DELTIO_26_10_2018.pdf
2018-11-02,UNLEADED_100,1.992,http://www.fuelprices.gr/files/deltia/EBDOM_DELTIO_02_11_2018.pdf
2018-11-09,UNLEADED_100,1.992,http://www.fuelprices.gr/files/deltia/EBDOM_DELTIO_09_11_2018.pdf
2018-11-16,UNLEADED_100,1.986,http://www.fuelprices.gr/files/deltia/EBDOM_DELTIO_16_11_2018.pdf
2018-11-23,UNLEADED_100,1.966,http://www.fuelprices.gr/files/deltia/EBDOM_DELTIO_23_11_2018.pdf
2018-11-30,UNLEADED_100,1.958,http://www.fuelprices.gr/files/deltia/EBDOM_DELTIO_30_11_2018.pdf
2018-12-07,UNLEADED_100,1.931,http://www.fuelprices.gr/files/deltia/EBDOM_DELTIO_07_12_2018.pdf
2018-12-14,UNLEADED_100,1.925,http://www.fuelprices.gr/files/deltia/EBDOM_DELTIO_14_12_2018.pdf
2018-12-21,UNLEADED_100,1.923,http://www.fuelprices.gr/files/deltia/EBDOM_DELTIO_21_12_2018.pdf
2018-12-28,UNLEADED_100,1.904,http://www.fuelprices.gr/files/deltia/EBDOM_DELTIO_28_12_2018.pdf
2018-01-05,UNLEADED_95,1.636,http://www.fuelprices.gr/files/deltia/EBDOM_DELTIO_05_01_2018..pdf
2018-01-12,UNLEADED_95,1.64,http://www.fuelprices.gr/files/deltia/EBDOM_DELTIO_12_01_2018.pdf
2018-01-19,UNLEADED_95,1.642,http://www.fuelprices.gr/files/deltia/EBDOM_DELTIO_19_01_2018.pdf
2018-01-26,UNLEADED_95,1.647,http://www.fuelprices.gr/files/deltia/EBDOM_DELTIO_26_01_2018.pdf
2018-02-02,UNLEADED_95,1.649,http://www.fuelprices.gr/files/deltia/EBDOM_DELTIO_02_02_2018.pdf
2018-02-09,UNLEADED_95,1.657,http://www.fuelprices.gr/files/deltia/EBDOM_DELTIO_09_02_2018.pdf
2018-02-16,UNLEADED_95,1.626,http://www.fuelprices.gr/files/deltia/EBDOM_DELTIO_16_02_2018.pdf
2018-02-23,UNLEADED_95,1.61,http://www.fuelprices.gr/files/deltia/EBDOM_DELTIO_23_02_2018.pdf
2018-03-02,UNLEADED_95,1.613,http://www.fuelprices.gr/files/deltia/EBDOM_DELTIO_02_03_2018.pdf
2018-03-09,UNLEADED_95,1.614,http://www.fuelprices.gr/files/deltia/EBDOM_DELTIO_09_03_2018.pdf
2018-03-16,UNLEADED_95,1.612,http://www.fuelprices.gr/files/deltia/EBDOM_DELTIO_16_03_2018.pdf
2018-03-23,UNLEADED_95,1.637,http://www.fuelprices.gr/files/deltia/EBDOM_DELTIO_23_03_2018.pdf
2018-03-30,UNLEADED_95,1.637,http://www.fuelprices.gr/files/deltia/EBDOM_DELTIO_30_03_2018.pdf
2018-04-06,UNLEADED_95,1.64,http://www.fuelprices.gr/files/deltia/EBDOM_DELTIO_06_04_2018.pdf
2018-04-13,UNLEADED_95,1.652,http://www.fuelprices.gr/files/deltia/EBDOM_DELTIO_13_04_2018.pdf
2018-04-20,UNLEADED_95,1.653,http://www.fuelprices.gr/files/deltia/EBDOM_DELTIO_20_04_2018.pdf
2018-04-27,UNLEADED_95,1.662,http://www.fuelprices.gr/files/deltia/EBDOM_DELTIO_27_04_2018.pdf
2018-05-04,UNLEADED_95,1.672,http://www.fuelprices.gr/files/deltia/EBDOM_DELTIO_04_05_2018.pdf
2018-05-11,UNLEADED_95,1.685,http://www.fuelprices.gr/files/deltia/EBDOM_DELTIO_11_05_2018.pdf
2018-05-18,UNLEADED_95,1.719,http://www.fuelprices.gr/files/deltia/EBDOM_DELTIO_18_05_2018.pdf
2018-05-25,UNLEADED_95,1.731,http://www.fuelprices.gr/files/deltia/EBDOM_DELTIO_25_05_2018.pdf
2018-06-01,UNLEADED_95,1.745,http://www.fuelprices.gr/files/deltia/EBDOM_DELTIO_01_06_2018.pdf
2018-06-08,UNLEADED_95,1.732,http://www.fuelprices.gr/files/deltia/EBDOM_DELTIO_08_06_2018.pdf
2018-06-15,UNLEADED_95,1.722,http://www.fuelprices.gr/files/deltia/EBDOM_DELTIO_15_06_2018.pdf
2018-06-22,UNLEADED_95,1.711,http://www.fuelprices.gr/files/deltia/EBDOM_DELTIO_22_06_2018.pdf
2018-06-29,UNLEADED_95,1.714,http://www.fuelprices.gr/files/deltia/EBDOM_DELTIO_29_06_2018.pdf
2018-07-06,UNLEADED_95,1.735,http://www.fuelprices.gr/files/deltia/EBDOM_DELTIO_06_07_2018.pdf
2018-07-13,UNLEADED_95,1.733,http://www.fuelprices.gr/files/deltia/EBDOM_DELTIO_13_07_2018.pdf
2018-07-20,UNLEADED_95,1.722,http://www.fuelprices.gr/files/deltia/EBDOM_DELTIO_20_07_2018.pdf
2018-07-27,UNLEADED_95,1.716,http://www.fuelprices.gr/files/deltia/EBDOM_DELTIO_27_07_2018.pdf
2018-08-03,UNLEADED_95,1.733,http://www.fuelprices.gr/files/deltia/EBDOM_DELTIO_03_08_2018.pdf
2018-08-10,UNLEADED_95,1.726,http://www.fuelprices.gr/files/deltia/EBDOM_DELTIO_10_08_2018.pdf
2018-08-17,UNLEADED_95,1.729,http://www.fuelprices.gr/files/deltia/EBDOM_DELTIO_17_08_2018.pdf
2018-08-24,UNLEADED_95,1.732,http://www.fuelprices.gr/files/deltia/EBDOM_DELTIO_24_08_2018.pdf
2018-08-31,UNLEADED_95,1.732,http://www.fuelprices.gr/files/deltia/EBDOM_DELTIO_31_08_2018.pdf
2018-09-07,UNLEADED_95,1.74,http://www.fuelprices.gr/files/deltia/EBDOM_DELTIO_07_09_2018.pdf
2018-09-14,UNLEADED_95,1.734,http://www.fuelprices.gr/files/deltia/EBDOM_DELTIO_14_09_2018.pdf
2018-09-21,UNLEADED_95,1.733,http://www.fuelprices.gr/files/deltia/EBDOM_DELTIO_21_09_2018.pdf
2018-09-28,UNLEADED_95,1.74,http://www.fuelprices.gr/files/deltia/EBDOM_DELTIO_28_09_2018.pdf
2018-10-05,UNLEADED_95,1.754,http://www.fuelprices.gr/files/deltia/EBDOM_DELTIO_05_10_2018.pdf
2018-10-12,UNLEADED_95,1.76,http://www.fuelprices.gr/files/deltia/EBDOM_DELTIO_12_10_2018.pdf
2018-10-19,UNLEADED_95,1.756,http://www.fuelprices.gr/files/deltia/EBDOM_DELTIO_19_10_2018.pdf
2018-10-26,UNLEADED_95,1.742,http://www.fuelprices.gr/files/deltia/EBDOM_DELTIO_26_10_2018.pdf
2018-11-02,UNLEADED_95,1.73,http://www.fuelprices.gr/files/deltia/EBDOM_DELTIO_02_11_2018.pdf
2018-11-09,UNLEADED_95,1.713,http://www.fuelprices.gr/files/deltia/EBDOM_DELTIO_09_11_2018.pdf
2018-11-16,UNLEADED_95,1.682,http://www.fuelprices.gr/files/deltia/EBDOM_DELTIO_16_11_2018.pdf
2018-11-23,UNLEADED_95,1.66,http://www.fuelprices.gr/files/deltia/EBDOM_DELTIO_23_11_2018.pdf
2018-11-30,UNLEADED_95,1.635,http://www.fuelprices.gr/files/deltia/EBDOM_DELTIO_30_11_2018.pdf
2018-12-07,UNLEADED_95,1.612,http://www.fuelprices.gr/files/deltia/EBDOM_DELTIO_07_12_2018.pdf
2018-12-14,UNLEADED_95,1.612,http://www.fuelprices.gr/files/deltia/EBDOM_DELTIO_14_12_2018.pdf
2018-12-21,UNLEADED_95,1.614,http://www.fuelprices.gr/files/deltia/EBDOM_DELTIO_21_12_2018.pdf
2018-12-28,UNLEADED_95,1.586,http://www.fuelprices.gr/files/deltia/EBDOM_DELTIO_28_12_2018.pdf
2019-01-04,DIESEL,1.409,http://www.fuelprices.gr/files/deltia/EBDOM_DELTIO_04_01_2019.pdf
2019-01-11,DIESEL,1.416,http://www.fuelprices.gr/files/deltia/EBDOM_DELTIO_11_01_2019.pdf
2019-01-18,DIESEL,1.424,http://www.fuelprices.gr/files/deltia/EBDOM_DELTIO_18_01_2019.pdf
2019-01-25,DIESEL,1.434,http://www.fuelprices.gr/files/deltia/EBDOM_DELTIO_25_01_2019.pdf
2019-02-01,DIESEL,1.436,http://www.fuelprices.gr/files/deltia/EBDOM_DELTIO_01_02_2019.pdf
2019-02-08,DIESEL,1.457,http://www.fuelprices.gr/files/deltia/EBDOM_DELTIO_08_02_2019.pdf
2019-02-15,DIESEL,1.445,http://www.fuelprices.gr/files/deltia/EBDOM_DELTIO_15_02_2019.pdf
2019-02-22,DIESEL,1.471,http://www.fuelprices.gr/files/deltia/EBDOM_DELTIO_22_02_2019.pdf
2019-03-01,DIESEL,1.476,http://www.fuelprices.gr/files/deltia/EBDOM_DELTIO_01_03_2019.pdf
2019-03-08,DIESEL,1.473,http://www.fuelprices.gr/files/deltia/EBDOM_DELTIO_08_03_2019.pdf
2019-03-15,DIESEL,1.488,http://www.fuelprices.gr/files/deltia/EBDOM_DELTIO_15_03_2019.pdf
2019-03-22,DIESEL,1.481,http://www.fuelprices.gr/files/deltia/EBDOM_DELTIO_22_03_2019.pdf
2019-03-29,DIESEL,1.482,http://www.fuelprices.gr/files/deltia/EBDOM_DELTIO_29_03_2019.pdf
2019-04-05,DIESEL,1.487,http://www.fuelprices.gr/files/deltia/EBDOM_DELTIO_05_04_2019.pdf
2019-04-12,DIESEL,1.494,http://www.fuelprices.gr/files/deltia/EBDOM_DELTIO_12_04_2019.pdf
2019-04-19,DIESEL,1.502,http://www.fuelprices.gr/files/deltia/EBDOM_DELTIO_19_04_2019.pdf
2019-04-26,DIESEL,1.51,http://www.fuelprices.gr/files/deltia/EBDOM_DELTIO_26_04_2019.pdf
2019-05-03,DIESEL,1.51,http://www.fuelprices.gr/files/deltia/EBDOM_DELTIO_03_05_2019.pdf
2019-05-10,DIESEL,1.523,http://www.fuelprices.gr/files/deltia/EBDOM_DELTIO_10_05_2019.pdf
2019-05-17,DIESEL,1.519,http://www.fuelprices.gr/files/deltia/EBDOM_DELTIO_17_05_2019.pdf
2019-05-24,DIESEL,1.525,http://www.fuelprices.gr/files/deltia/EBDOM_DELTIO_24_05_2019.pdf
2019-05-31,DIESEL,1.522,http://www.fuelprices.gr/files/deltia/EBDOM_DELTIO_31_05_2019.pdf
2019-06-07,DIESEL,1.491,http://www.fuelprices.gr/files/deltia/EBDOM_DELTIO_07_06_2019.pdf
2019-06-14,DIESEL,1.463,http://www.fuelprices.gr/files/deltia/EBDOM_DELTIO_14_06_2019.pdf
2019-06-21,DIESEL,1.45,http://www.fuelprices.gr/files/deltia/EBDOM_DELTIO_21_06_2019.pdf
2019-06-28,DIESEL,1.461,http://www.fuelprices.gr/files/deltia/EBDOM_DELTIO_28_06_2019.pdf
2019-07-05,DIESEL,1.472,http://www.fuelprices.gr/files/deltia/EBDOM_DELTIO_05_07_2019.pdf
2019-07-12,DIESEL,1.466,http://www.fuelprices.gr/files/deltia/EBDOM_DELTIO_12_07_2019.pdf
2019-07-19,DIESEL,1.481,http://www.fuelprices.gr/files/deltia/EBDOM_DELTIO_19_07_2019.pdf
2019-07-26,DIESEL,1.48,http://www.fuelprices.gr/files/deltia/EBDOM_DELTIO_26_07_2019.pdf
2019-08-02,DIESEL,1.477,http://www.fuelprices.gr/files/deltia/EBDOM_DELTIO_02_08_2019.pdf
2019-08-09,DIESEL,1.477,http://www.fuelprices.gr/files/deltia/EBDOM_DELTIO_09_08_2019.pdf
2019-08-16,DIESEL,1.461,http://www.fuelprices.gr/files/deltia/EBDOM_DELTIO_16_08_2019.pdf
2019-08-23,DIESEL,1.474,http://www.fuelprices.gr/files/deltia/EBDOM_DELTIO_23_08_2019.pdf
2019-08-30,DIESEL,1.476,http://www.fuelprices.gr/files/deltia/EBDOM_DELTIO_30_08_2019.pdf
2019-09-06,DIESEL,1.46,http://www.fuelprices.gr/files/deltia/EBDOM_DELTIO_06_09_2019.pdf
2019-09-13,DIESEL,1.466,http://www.fuelprices.gr/files/deltia/EBDOM_DELTIO_13_09_2019.pdf
2019-09-20,DIESEL,1.494,http://www.fuelprices.gr/files/deltia/EBDOM_DELTIO_20_09_2019.pdf
2019-09-27,DIESEL,1.506,http://www.fuelprices.gr/files/deltia/EBDOM_DELTIO_27_09_2019.pdf
2019-10-04,DIESEL,1.506,http://www.fuelprices.gr/files/deltia/EBDOM_DELTIO_04_10_2019.pdf
2019-10-11,DIESEL,1.48,http://www.fuelprices.gr/files/deltia/EBDOM_DELTIO_11_10_2019.pdf
2019-10-18,DIESEL,1.48,http://www.fuelprices.gr/files/deltia/EBDOM_DELTIO_18_10_2019.pdf
2019-10-25,DIESEL,1.475,http://www.fuelprices.gr/files/deltia/EBDOM_DELTIO_25_10_2019.pdf
2019-11-01,DIESEL,1.114,http://www.fuelprices.gr/files/deltia/EBDOM_DELTIO_01_11_2019.pdf
2019-11-08,DIESEL,1.117,http://www.fuelprices.gr/files/deltia/EBDOM_DELTIO_08_11_2019.pdf
2019-11-15,DIESEL,1.482,http://www.fuelprices.gr/files/deltia/EBDOM_DELTIO_15_11_2019.pdf
2019-11-22,DIESEL,1.482,http://www.fuelprices.gr/files/deltia/EBDOM_DELTIO_22_11_2019.pdf
2019-11-29,DIESEL,1.489,http://www.fuelprices.gr/files/deltia/EBDOM_DELTIO_29_11_2019.pdf
2019-12-06,DIESEL,1.127,http://www.fuelprices.gr/files/deltia/EBDOM_DELTIO_06_12_2019.pdf
2019-12-13,DIESEL,1.128,http://www.fuelprices.gr/files/deltia/EBDOM_DELTIO_13_12_2019.pdf
2019-12-20,DIESEL,1.489,http://www.fuelprices.gr/files/deltia/EBDOM_DELTIO_20_12_2019.pdf
2019-12-27,DIESEL,1.494,http://www.fuelprices.gr/files/deltia/EBDOM_DELTIO_27_12_2019.pdf
2019-01-04,DIESEL_HEATING,0.798,http://www.fuelprices.gr/files/deltia/EBDOM_DELTIO_04_01_2019.pdf
2019-01-11,DIESEL_HEATING,0.798,http://www.fuelprices.gr/files/deltia/EBDOM_DELTIO_11_01_2019.pdf
2019-01-18,DIESEL_HEATING,0.796,http://www.fuelprices.gr/files/deltia/EBDOM_DELTIO_18_01_2019.pdf
2019-01-25,DIESEL_HEATING,0.802,http://www.fuelprices.gr/files/deltia/EBDOM_DELTIO_25_01_2019.pdf
2019-02-01,DIESEL_HEATING,0.817,http://www.fuelprices.gr/files/deltia/EBDOM_DELTIO_01_02_2019.pdf
2019-02-08,DIESEL_HEATING,0.817,http://www.fuelprices.gr/files/deltia/EBDOM_DELTIO_08_02_2019.pdf
2019-02-15,DIESEL_HEATING,0.839,http://www.fuelprices.gr/files/deltia/EBDOM_DELTIO_15_02_2019.pdf
2019-02-22,DIESEL_HEATING,0.859,http://www.fuelprices.gr/files/deltia/EBDOM_DELTIO_22_02_2019.pdf
2019-03-01,DIESEL_HEATING,0.859,http://www.fuelprices.gr/files/deltia/EBDOM_DELTIO_01_03_2019.pdf
2019-03-08,DIESEL_HEATING,0.867,http://www.fuelprices.gr/files/deltia/EBDOM_DELTIO_08_03_2019.pdf
2019-03-15,DIESEL_HEATING,0.867,http://www.fuelprices.gr/files/deltia/EBDOM_DELTIO_15_03_2019.pdf
2019-03-22,DIESEL_HEATING,0.877,http://www.fuelprices.gr/files/deltia/EBDOM_DELTIO_22_03_2019.pdf
2019-03-29,DIESEL_HEATING,0.892,http://www.fuelprices.gr/files/deltia/EBDOM_DELTIO_29_03_2019.pdf
2019-04-05,DIESEL_HEATING,0.884,http://www.fuelprices.gr/files/deltia/EBDOM_DELTIO_05_04_2019.pdf
2019-04-12,DIESEL_HEATING,0.862,http://www.fuelprices.gr/files/deltia/EBDOM_DELTIO_12_04_2019.pdf
2019-04-19,DIESEL_HEATING,0.862,http://www.fuelprices.gr/files/deltia/EBDOM_DELTIO_19_04_2019.pdf
2019-04-26,DIESEL_HEATING,0.854,http://www.fuelprices.gr/files/deltia/EBDOM_DELTIO_26_04_2019.pdf
2019-10-18,DIESEL_HEATING,0.824,http://www.fuelprices.gr/files/deltia/EBDOM_DELTIO_18_10_2019.pdf
2019-10-25,DIESEL_HEATING,0.839,http://www.fuelprices.gr/files/deltia/EBDOM_DELTIO_25_10_2019.pdf
2019-11-15,DIESEL_HEATING,0.859,http://www.fuelprices.gr/files/deltia/EBDOM_DELTIO_15_11_2019.pdf
2019-11-22,DIESEL_HEATING,0.859,http://www.fuelprices.gr/files/deltia/EBDOM_DELTIO_22_11_2019.pdf
2019-11-29,DIESEL_HEATING,0.859,http://www.fuelprices.gr/files/deltia/EBDOM_DELTIO_29_11_2019.pdf
2019-12-20,DIESEL_HEATING,0.859,http://www.fuelprices.gr/files/deltia/EBDOM_DELTIO_20_12_2019.pdf
2019-12-27,DIESEL_HEATING,0.859,http://www.fuelprices.gr/files/deltia/EBDOM_DELTIO_27_12_2019.pdf
2019-01-04,GAS,1.075,http://www.fuelprices.gr/files/deltia/EBDOM_DELTIO_04_01_2019.pdf
2019-01-11,GAS,1.092,http://www.fuelprices.gr/files/deltia/EBDOM_DELTIO_11_01_2019.pdf
2019-01-18,GAS,1.099,http://www.fuelprices.gr/files/deltia/EBDOM_DELTIO_18_01_2019.pdf
2019-01-25,GAS,1.109,http://www.fuelprices.gr/files/deltia/EBDOM_DELTIO_25_01_2019.pdf
2019-02-01,GAS,1.114,http://www.fuelprices.gr/files/deltia/EBDOM_DELTIO_01_02_2019.pdf
2019-02-08,GAS,1.127,http://www.fuelprices.gr/files/deltia/EBDOM_DELTIO_08_02_2019.pdf
2019-02-15,GAS,1.104,http://www.fuelprices.gr/files/deltia/EBDOM_DELTIO_15_02_2019.pdf
2019-02-22,GAS,1.136,http://www.fuelprices.gr/files/deltia/EBDOM_DELTIO_22_02_2019.pdf
2019-03-01,GAS,1.136,http://www.fuelprices.gr/files/deltia/EBDOM_DELTIO_01_03_2019.pdf
2019-03-08,GAS,1.144,http://www.fuelprices.gr/files/deltia/EBDOM_DELTIO_08_03_2019.pdf
2019-03-15,GAS,1.144,http://www.fuelprices.gr/files/deltia/EBDOM_DELTIO_15_03_2019.pdf
2019-03-22,GAS,1.135,http://www.fuelprices.gr/files/deltia/EBDOM_DELTIO_22_03_2019.pdf
2019-03-29,GAS,1.135,http://www.fuelprices.gr/files/deltia/EBDOM_DELTIO_29_03_2019.pdf
2019-04-05,GAS,1.131,http://www.fuelprices.gr/files/deltia/EBDOM_DELTIO_05_04_2019.pdf
2019-04-12,GAS,1.141,http://www.fuelprices.gr/files/deltia/EBDOM_DELTIO_12_04_2019.pdf
2019-04-19,GAS,1.152,http://www.fuelprices.gr/files/deltia/EBDOM_DELTIO_19_04_2019.pdf
2019-04-26,GAS,1.158,http://www.fuelprices.gr/files/deltia/EBDOM_DELTIO_26_04_2019.pdf
2019-05-03,GAS,1.157,http://www.fuelprices.gr/files/deltia/EBDOM_DELTIO_03_05_2019.pdf
2019-05-17,GAS,0.83,http://www.fuelprices.gr/files/deltia/EBDOM_DELTIO_17_05_2019.pdf
2019-05-24,GAS,0.837,http://www.fuelprices.gr/files/deltia/EBDOM_DELTIO_24_05_2019.pdf
2019-05-31,GAS,0.839,http://www.fuelprices.gr/files/deltia/EBDOM_DELTIO_31_05_2019.pdf
2019-06-07,GAS,0.819,http://www.fuelprices.gr/files/deltia/EBDOM_DELTIO_07_06_2019.pdf
2019-06-14,GAS,0.787,http://www.fuelprices.gr/files/deltia/EBDOM_DELTIO_14_06_2019.pdf
2019-06-21,GAS,0.785,http://www.fuelprices.gr/files/deltia/EBDOM_DELTIO_21_06_2019.pdf
2019-06-28,GAS,0.792,http://www.fuelprices.gr/files/deltia/EBDOM_DELTIO_28_06_2019.pdf
2019-07-05,GAS,0.802,http://www.fuelprices.gr/files/deltia/EBDOM_DELTIO_05_07_2019.pdf
2019-07-12,GAS,0.802,http://www.fuelprices.gr/files/deltia/EBDOM_DELTIO_12_07_2019.pdf
2019-07-19,GAS,0.815,http://www.fuelprices.gr/files/deltia/EBDOM_DELTIO_19_07_2019.pdf
2019-07-26,GAS,0.79,http://www.fuelprices.gr/files/deltia/EBDOM_DELTIO_26_07_2019.pdf
2019-08-02,GAS,0.79,http://www.fuelprices.gr/files/deltia/EBDOM_DELTIO_02_08_2019.pdf
2019-08-09,GAS,0.772,http://www.fuelprices.gr/files/deltia/EBDOM_DELTIO_09_08_2019.pdf
2019-08-16,GAS,0.745,http://www.fuelprices.gr/files/deltia/EBDOM_DELTIO_16_08_2019.pdf
2019-08-23,GAS,0.74,http://www.fuelprices.gr/files/deltia/EBDOM_DELTIO_23_08_2019.pdf
2019-08-30,GAS,0.74,http://www.fuelprices.gr/files/deltia/EBDOM_DELTIO_30_08_2019.pdf
2019-09-06,GAS,0.752,http://www.fuelprices.gr/files/deltia/EBDOM_DELTIO_06_09_2019.pdf
2019-09-13,GAS,0.772,http://www.fuelprices.gr/files/deltia/EBDOM_DELTIO_13_09_2019.pdf
2019-09-20,GAS,0.781,http://www.fuelprices.gr/files/deltia/EBDOM_DELTIO_20_09_2019.pdf
2019-09-27,GAS,0.793,http://www.fuelprices.gr/files/deltia/EBDOM_DELTIO_27_09_2019.pdf
2019-10-04,GAS,0.798,http://www.fuelprices.gr/files/deltia/EBDOM_DELTIO_04_10_2019.pdf
2019-10-11,GAS,0.824,http://www.fuelprices.gr/files/deltia/EBDOM_DELTIO_11_10_2019.pdf
2019-10-18,GAS,1.089,http://www.fuelprices.gr/files/deltia/EBDOM_DELTIO_18_10_2019.pdf
2019-10-25,GAS,1.093,http://www.fuelprices.gr/files/deltia/EBDOM_DELTIO_25_10_2019.pdf
2019-11-01,GAS,0.857,http://www.fuelprices.gr/files/deltia/EBDOM_DELTIO_01_11_2019.pdf
2019-11-08,GAS,0.857,http://www.fuelprices.gr/files/deltia/EBDOM_DELTIO_08_11_2019.pdf
2019-11-15,GAS,1.115,http://www.fuelprices.gr/files/deltia/EBDOM_DELTIO_15_11_2019.pdf
2019-11-22,GAS,1.115,http://www.fuelprices.gr/files/deltia/EBDOM_DELTIO_22_11_2019.pdf
2019-11-29,GAS,1.125,http://www.fuelprices.gr/files/deltia/EBDOM_DELTIO_29_11_2019.pdf
2019-12-06,GAS,0.859,http://www.fuelprices.gr/files/deltia/EBDOM_DELTIO_06_12_2019.pdf
2019-12-13,GAS,0.859,http://www.fuelprices.gr/files/deltia/EBDOM_DELTIO_13_12_2019.pdf
2019-12-20,GAS,1.135,http://www.fuelprices.gr/files/deltia/EBDOM_DELTIO_20_12_2019.pdf
2019-12-27,GAS,1.139,http://www.fuelprices.gr/files/deltia/EBDOM_DELTIO_27_12_2019.pdf
2019-11-01,SUPER,1.478,http://www.fuelprices.gr/files/deltia/EBDOM_DELTIO_01_11_2019.pdf
2019-11-08,SUPER,1.491,http://www.fuelprices.gr/files/deltia/EBDOM_DELTIO_08_11_2019.pdf
2019-12-06,SUPER,1.489,http://www.fuelprices.gr/files/deltia/EBDOM_DELTIO_06_12_2019.pdf
2019-12-13,SUPER,1.487,http://www.fuelprices.gr/files/deltia/EBDOM_DELTIO_13_12_2019.pdf
2019-01-04,UNLEADED_100,1.896,http://www.fuelprices.gr/files/deltia/EBDOM_DELTIO_04_01_2019.pdf
2019-01-11,UNLEADED_100,1.893,http://www.fuelprices.gr/files/deltia/EBDOM_DELTIO_11_01_2019.pdf
2019-01-18,UNLEADED_100,1.898,http://www.fuelprices.gr/files/deltia/EBDOM_DELTIO_18_01_2019.pdf
2019-01-25,UNLEADED_100,1.902,http://www.fuelprices.gr/files/deltia/EBDOM_DELTIO_25_01_2019.pdf
2019-02-01,UNLEADED_100,1.875,http://www.fuelprices.gr/files/deltia/EBDOM_DELTIO_01_02_2019.pdf
2019-02-08,UNLEADED_100,1.839,http://www.fuelprices.gr/files/deltia/EBDOM_DELTIO_08_02_2019.pdf
2019-02-15,UNLEADED_100,1.901,http://www.fuelprices.gr/files/deltia/EBDOM_DELTIO_15_02_2019.pdf
2019-02-22,UNLEADED_100,1.911,http://www.fuelprices.gr/files/deltia/EBDOM_DELTIO_22_02_2019.pdf
2019-03-01,UNLEADED_100,1.911,http://www.fuelprices.gr/files/deltia/EBDOM_DELTIO_01_03_2019.pdf
2019-03-08,UNLEADED_100,1.906,http://www.fuelprices.gr/files/deltia/EBDOM_DELTIO_08_03_2019.pdf
2019-03-15,UNLEADED_100,1.913,http://www.fuelprices.gr/files/deltia/EBDOM_DELTIO_15_03_2019.pdf
2019-03-22,UNLEADED_100,1.919,http://www.fuelprices.gr/files/deltia/EBDOM_DELTIO_22_03_2019.pdf
2019-03-29,UNLEADED_100,1.942,http://www.fuelprices.gr/files/deltia/EBDOM_DELTIO_29_03_2019.pdf
2019-04-05,UNLEADED_100,1.945,http://www.fuelprices.gr/files/deltia/EBDOM_DELTIO_05_04_2019.pdf
2019-04-12,UNLEADED_100,1.949,http://www.fuelprices.gr/files/deltia/EBDOM_DELTIO_12_04_2019.pdf
2019-04-19,UNLEADED_100,1.963,http://www.fuelprices.gr/files/deltia/EBDOM_DELTIO_19_04_2019.pdf
2019-04-26,UNLEADED_100,1.956,http://www.fuelprices.gr/files/deltia/EBDOM_DELTIO_26_04_2019.pdf
2019-05-03,UNLEADED_100,1.964,http://www.fuelprices.gr/files/deltia/EBDOM_DELTIO_03_05_2019.pdf
2019-05-10,UNLEADED_100,1.988,http://www.fuelprices.gr/files/deltia/EBDOM_DELTIO_10_05_2019.pdf
2019-05-17,UNLEADED_100,1.996,http://www.fuelprices.gr/files/deltia/EBDOM_DELTIO_17_05_2019.pdf
2019-05-24,UNLEADED_100,1.995,http://www.fuelprices.gr/files/deltia/EBDOM_DELTIO_24_05_2019.pdf
2019-05-31,UNLEADED_100,1.988,http://www.fuelprices.gr/files/deltia/EBDOM_DELTIO_31_05_2019.pdf
2019-06-07,UNLEADED_100,1.959,http://www.fuelprices.gr/files/deltia/EBDOM_DELTIO_07_06_2019.pdf
2019-06-14,UNLEADED_100,1.951,http://www.fuelprices.gr/files/deltia/EBDOM_DELTIO_14_06_2019.pdf
2019-06-21,UNLEADED_100,1.943,http://www.fuelprices.gr/files/deltia/EBDOM_DELTIO_21_06_2019.pdf
2019-06-28,UNLEADED_100,1.936,http://www.fuelprices.gr/files/deltia/EBDOM_DELTIO_28_06_2019.pdf
2019-07-05,UNLEADED_100,1.937,http://www.fuelprices.gr/files/deltia/EBDOM_DELTIO_05_07_2019.pdf
2019-07-12,UNLEADED_100,1.937,http://www.fuelprices.gr/files/deltia/EBDOM_DELTIO_12_07_2019.pdf
2019-07-19,UNLEADED_100,1.959,http://www.fuelprices.gr/files/deltia/EBDOM_DELTIO_19_07_2019.pdf
2019-07-26,UNLEADED_100,1.95,http://www.fuelprices.gr/files/deltia/EBDOM_DELTIO_26_07_2019.pdf
2019-08-02,UNLEADED_100,1.952,http://www.fuelprices.gr/files/deltia/EBDOM_DELTIO_02_08_2019.pdf
2019-08-09,UNLEADED_100,1.966,http://www.fuelprices.gr/files/deltia/EBDOM_DELTIO_09_08_2019.pdf
2019-08-16,UNLEADED_100,1.941,http://www.fuelprices.gr/files/deltia/EBDOM_DELTIO_16_08_2019.pdf
2019-08-23,UNLEADED_100,1.981,http://www.fuelprices.gr/files/deltia/EBDOM_DELTIO_23_08_2019.pdf
2019-08-30,UNLEADED_100,1.984,http://www.fuelprices.gr/files/deltia/EBDOM_DELTIO_30_08_2019.pdf
2019-09-06,UNLEADED_100,1.921,http://www.fuelprices.gr/files/deltia/EBDOM_DELTIO_06_09_2019.pdf
2019-09-13,UNLEADED_100,1.944,http://www.fuelprices.gr/files/deltia/EBDOM_DELTIO_13_09_2019.pdf
2019-09-20,UNLEADED_100,1.955,http://www.fuelprices.gr/files/deltia/EBDOM_DELTIO_20_09_2019.pdf
2019-09-27,UNLEADED_100,1.948,http://www.fuelprices.gr/files/deltia/EBDOM_DELTIO_27_09_2019.pdf
2019-10-04,UNLEADED_100,1.941,http://www.fuelprices.gr/files/deltia/EBDOM_DELTIO_04_10_2019.pdf
2019-10-11,UNLEADED_100,1.957,http://www.fuelprices.gr/files/deltia/EBDOM_DELTIO_11_10_2019.pdf
2019-10-18,UNLEADED_100,1.981,http://www.fuelprices.gr/files/deltia/EBDOM_DELTIO_18_10_2019.pdf
2019-10-25,UNLEADED_100,1.952,http://www.fuelprices.gr/files/deltia/EBDOM_DELTIO_25_10_2019.pdf
2019-11-01,UNLEADED_100,1.943,http://www.fuelprices.gr/files/deltia/EBDOM_DELTIO_01_11_2019.pdf
2019-11-08,UNLEADED_100,1.983,http://www.fuelprices.gr/files/deltia/EBDOM_DELTIO_08_11_2019.pdf
2019-11-15,UNLEADED_100,1.954,http://www.fuelprices.gr/files/deltia/EBDOM_DELTIO_15_11_2019.pdf
2019-11-22,UNLEADED_100,1.954,http://www.fuelprices.gr/files/deltia/EBDOM_DELTIO_22_11_2019.pdf
2019-11-29,UNLEADED_100,1.975,http://www.fuelprices.gr/files/deltia/EBDOM_DELTIO_29_11_2019.pdf
2019-12-06,UNLEADED_100,1.973,http://www.fuelprices.gr/files/deltia/EBDOM_DELTIO_06_12_2019.pdf
2019-12-13,UNLEADED_100,1.973,http://www.fuelprices.gr/files/deltia/EBDOM_DELTIO_13_12_2019.pdf
2019-12-20,UNLEADED_100,1.951,http://www.fuelprices.gr/files/deltia/EBDOM_DELTIO_20_12_2019.pdf
2019-12-27,UNLEADED_100,1.952,http://www.fuelprices.gr/files/deltia/EBDOM_DELTIO_27_12_2019.pdf
2019-01-04,UNLEADED_95,1.571,http://www.fuelprices.gr/files/deltia/EBDOM_DELTIO_04_01_2019.pdf
2019-01-11,UNLEADED_95,1.579,http://www.fuelprices.gr/files/deltia/EBDOM_DELTIO_11_01_2019.pdf
2019-01-18,UNLEADED_95,1.587,http://www.fuelprices.gr/files/deltia/EBDOM_DELTIO_18_01_2019.pdf
2019-01-25,UNLEADED_95,1.601,http://www.fuelprices.gr/files/deltia/EBDOM_DELTIO_25_01_2019.pdf
2019-02-01,UNLEADED_95,1.604,http://www.fuelprices.gr/files/deltia/EBDOM_DELTIO_01_02_2019.pdf
2019-02-08,UNLEADED_95,1.622,http://www.fuelprices.gr/files/deltia/EBDOM_DELTIO_08_02_2019.pdf
2019-02-15,UNLEADED_95,1.598,http://www.fuelprices.gr/files/deltia/EBDOM_DELTIO_15_02_2019.pdf
2019-02-22,UNLEADED_95,1.617,http://www.fuelprices.gr/files/deltia/EBDOM_DELTIO_22_02_2019.pdf
2019-03-01,UNLEADED_95,1.634,http://www.fuelprices.gr/files/deltia/EBDOM_DELTIO_01_03_2019.pdf
2019-03-08,UNLEADED_95,1.635,http://www.fuelprices.gr/files/deltia/EBDOM_DELTIO_08_03_2019.pdf
2019-03-15,UNLEADED_95,1.656,http://www.fuelprices.gr/files/deltia/EBDOM_DELTIO_15_03_2019.pdf
2019-03-22,UNLEADED_95,1.658,http://www.fuelprices.gr/files/deltia/EBDOM_DELTIO_22_03_2019.pdf
2019-03-29,UNLEADED_95,1.673,http://www.fuelprices.gr/files/deltia/EBDOM_DELTIO_29_03_2019.pdf
2019-04-05,UNLEADED_95,1.698,http://www.fuelprices.gr/files/deltia/EBDOM_DELTIO_05_04_2019.pdf
2019-04-12,UNLEADED_95,1.718,http://www.fuelprices.gr/files/deltia/EBDOM_DELTIO_12_04_2019.pdf
2019-04-19,UNLEADED_95,1.73,http://www.fuelprices.gr/files/deltia/EBDOM_DELTIO_19_04_2019.pdf
2019-04-26,UNLEADED_95,1.739,http://www.fuelprices.gr/files/deltia/EBDOM_DELTIO_26_04_2019.pdf
2019-05-03,UNLEADED_95,1.741,http://www.fuelprices.gr/files/deltia/EBDOM_DELTIO_03_05_2019.pdf
2019-05-10,UNLEADED_95,1.75,http://www.fuelprices.gr/files/deltia/EBDOM_DELTIO_10_05_2019.pdf
2019-05-17,UNLEADED_95,1.738,http://www.fuelprices.gr/files/deltia/EBDOM_DELTIO_17_05_2019.pdf
2019-05-24,UNLEADED_95,1.747,http://www.fuelprices.gr/files/deltia/EBDOM_DELTIO_24_05_2019.pdf
2019-05-31,UNLEADED_95,1.742,http://www.fuelprices.gr/files/deltia/EBDOM_DELTIO_31_05_2019.pdf
2019-06-07,UNLEADED_95,1.715,http://www.fuelprices.gr/files/deltia/EBDOM_DELTIO_07_06_2019.pdf
2019-06-14,UNLEADED_95,1.679,http://www.fuelprices.gr/files/deltia/EBDOM_DELTIO_14_06_2019.pdf
2019-06-21,UNLEADED_95,1.675,http://www.fuelprices.gr/files/deltia/EBDOM_DELTIO_21_06_2019.pdf
2019-06-28,UNLEADED_95,1.683,http://www.fuelprices.gr/files/deltia/EBDOM_DELTIO_28_06_2019.pdf
2019-07-05,UNLEADED_95,1.693,http://www.fuelprices.gr/files/deltia/EBDOM_DELTIO_05_07_2019.pdf
2019-07-12,UNLEADED_95,1.701,http://www.fuelprices.gr/files/deltia/EBDOM_DELTIO_12_07_2019.pdf
2019-07-19,UNLEADED_95,1.73,http://www.fuelprices.gr/files/deltia/EBDOM_DELTIO_19_07_2019.pdf
2019-07-26,UNLEADED_95,1.725,http://www.fuelprices.gr/files/deltia/EBDOM_DELTIO_26_07_2019.pdf
2019-08-02,UNLEADED_95,1.724,http://www.fuelprices.gr/files/deltia/EBDOM_DELTIO_02_08_2019.pdf
2019-08-09,UNLEADED_95,1.713,http://www.fuelprices.gr/files/deltia/EBDOM_DELTIO_09_08_2019.pdf
2019-08-16,UNLEADED_95,1.68,http://www.fuelprices.gr/files/deltia/EBDOM_DELTIO_16_08_2019.pdf
2019-08-23,UNLEADED_95,1.676,http://www.fuelprices.gr/files/deltia/EBDOM_DELTIO_23_08_2019.pdf
2019-08-30,UNLEADED_95,1.682,http://www.fuelprices.gr/files/deltia/EBDOM_DELTIO_30_08_2019.pdf
2019-09-06,UNLEADED_95,1.672,http://www.fuelprices.gr/files/deltia/EBDOM_DELTIO_06_09_2019.pdf
2019-09-13,UNLEADED_95,1.67,http://www.fuelprices.gr/files/deltia/EBDOM_DELTIO_13_09_2019.pdf
2019-09-20,UNLEADED_95,1.687,http://www.fuelprices.gr/files/deltia/EBDOM_DELTIO_20_09_2019.pdf
2019-09-27,UNLEADED_95,1.702,http://www.fuelprices.gr/files/deltia/EBDOM_DELTIO_27_09_2019.pdf
2019-10-04,UNLEADED_95,1.702,http://www.fuelprices.gr/files/deltia/EBDOM_DELTIO_04_10_2019.pdf
2019-10-11,UNLEADED_95,1.703,http://www.fuelprices.gr/files/deltia/EBDOM_DELTIO_11_10_2019.pdf
2019-10-18,UNLEADED_95,1.684,http://www.fuelprices.gr/files/deltia/EBDOM_DELTIO_18_10_2019.pdf
2019-10-25,UNLEADED_95,1.674,http://www.fuelprices.gr/files/deltia/EBDOM_DELTIO_25_10_2019.pdf
2019-11-01,UNLEADED_95,1.672,http://www.fuelprices.gr/files/deltia/EBDOM_DELTIO_01_11_2019.pdf
2019-11-08,UNLEADED_95,1.683,http://www.fuelprices.gr/files/deltia/EBDOM_DELTIO_08_11_2019.pdf
2019-11-15,UNLEADED_95,1.678,http://www.fuelprices.gr/files/deltia/EBDOM_DELTIO_15_11_2019.pdf
2019-11-22,UNLEADED_95,1.678,http://www.fuelprices.gr/files/deltia/EBDOM_DELTIO_22_11_2019.pdf
2019-11-29,UNLEADED_95,1.695,http://www.fuelprices.gr/files/deltia/EBDOM_DELTIO_29_11_2019.pdf
2019-12-06,UNLEADED_95,1.7,http://www.fuelprices.gr/files/deltia/EBDOM_DELTIO_06_12_2019.pdf
2019-12-13,UNLEADED_95,1.693,http://www.fuelprices.gr/files/deltia/EBDOM_DELTIO_13_12_2019.pdf
2019-12-20,UNLEADED_95,1.687,http://www.fuelprices.gr/files/deltia/EBDOM_DELTIO_20_12_2019.pdf
2019-12-27,UNLEADED_95,1.692,http://www.fuelprices.gr/files/deltia/EBDOM_DELTIO_27_12_2019.pdf
2020-01-03,DIESEL,1.498,http://www.fuelprices.gr/files/deltia/EBDOM_DELTIO_03_01_2020.pdf
2020-01-10,DIESEL,1.506,http://www.fuelprices.gr/files/deltia/EBDOM_DELTIO_10_01_2020.pdf
2020-01-17,DIESEL,1.5,http://www.fuelprices.gr/files/deltia/EBDOM_DELTIO_17_01_2020.pdf
2020-01-24,DIESEL,1.507,http://www.fuelprices.gr/files/deltia/EBDOM_DELTIO_24_01_2020.pdf
2020-01-31,DIESEL,1.47,http://www.fuelprices.gr/files/deltia/EBDOM_DELTIO_31_01_2020.pdf
2020-02-07,DIESEL,1.421,http://www.fuelprices.gr/files/deltia/EBDOM_DELTIO_07_02_2020.pdf
2020-02-14,DIESEL,1.413,http://www.fuelprices.gr/files/deltia/EBDOM_DELTIO_14_02_2020.pdf
2020-02-21,DIESEL,1.417,http://www.fuelprices.gr/files/deltia/EBDOM_DELTIO_21_02_2020.pdf
2020-02-28,DIESEL,1.401,http://www.fuelprices.gr/files/deltia/EBDOM_DELTIO_28_02_2020.pdf
2020-03-06,DIESEL,1.368,http://www.fuelprices.gr/files/deltia/EBDOM_DELTIO_06_03_2020.pdf
2020-03-13,DIESEL,1.321,http://www.fuelprices.gr/files/deltia/EBDOM_DELTIO_13_03_2020.pdf
2020-03-20,DIESEL,1.262,http://www.fuelprices.gr/files/deltia/EBDOM_DELTIO_20_03_2020.pdf
2020-03-27,DIESEL,1.248,http://www.fuelprices.gr/files/deltia/EBDOM_DELTIO_27_03_2020.pdf
2020-04-03,DIESEL,1.203,http://www.fuelprices.gr/files/deltia/EBDOM_DELTIO_03_04_2020.pdf
2020-04-10,DIESEL,1.2,http://www.fuelprices.gr/files/deltia/EBDOM_DELTIO_10_04_2020.pdf
2020-04-17,DIESEL,1.186,http://www.fuelprices.gr/files/deltia/EBDOM_DELTIO_17_04_2020.pdf
2020-04-24,DIESEL,1.16,http://www.fuelprices.gr/files/deltia/EBDOM_DELTIO_24_04_2020.pdf
2020-05-01,DIESEL,0.775,http://www.fuelprices.gr/files/deltia/EBDOM_DELTIO_01_05_2020.pdf
2020-05-08,DIESEL,0.787,http://www.fuelprices.gr/files/deltia/EBDOM_DELTIO_08_05_2020.pdf
2020-05-15,DIESEL,0.795,http://www.fuelprices.gr/files/deltia/EBDOM_DELTIO_15_05_2020.pdf
2020-05-22,DIESEL,0.833,http://www.fuelprices.gr/files/deltia/EBDOM_DELTIO_22_05_2020.pdf
2020-05-29,DIESEL,0.841,http://www.fuelprices.gr/files/deltia/EBDOM_DELTIO_29_05_2020.pdf
2020-06-05,DIESEL,1.184,http://www.fuelprices.gr/files/deltia/EBDOM_DELTIO_05_06_2020.pdf
2020-06-12,DIESEL,1.198,http://www.fuelprices.gr/files/deltia/EBDOM_DELTIO_12_06_2020.pdf
2020-06-19,DIESEL,1.214,http://www.fuelprices.gr/files/deltia/EBDOM_DELTIO_19_06_2020.pdf
2020-06-26,DIESEL,1.232,http://www.fuelprices.gr/files/deltia/EBDOM_DELTIO_26_06_2020.pdf
2020-07-03,DIESEL,1.23,http://www.fuelprices.gr/files/deltia/EBDOM_DELTIO_03_07_2020.pdf
2020-07-10,DIESEL,1.247,http://www.fuelprices.gr/files/deltia/EBDOM_DELTIO_10_07_2020.pdf
2020-07-17,DIESEL,1.238,http://www.fuelprices.gr/files/deltia/EBDOM_DELTIO_17_07_2020.pdf
2020-07-24,DIESEL,1.243,http://www.fuelprices.gr/files/deltia/EBDOM_DELTIO_24_07_2020.pdf
2020-08-07,DIESEL,1.231,http://www.fuelprices.gr/files/deltia/EBDOM_DELTIO_07_08_2020.pdf
2020-08-14,DIESEL,1.229,http://www.fuelprices.gr/files/deltia/EBDOM_DELTIO_14_08_2020.pdf
2020-08-21,DIESEL,1.248,http://www.fuelprices.gr/files/deltia/EBDOM_DELTIO_21_08_2020.pdf
2020-08-28,DIESEL,1.231,http://www.fuelprices.gr/files/deltia/EBDOM_DELTIO_28_08_2020.pdf
2020-09-04,DIESEL,1.227,http://www.fuelprices.gr/files/deltia/EBDOM_DELTIO_04_09_2020.pdf
2020-09-11,DIESEL,1.228,http://www.fuelprices.gr/files/deltia/EBDOM_DELTIO_11_09_2020.pdf
2020-09-18,DIESEL,1.213,http://www.fuelprices.gr/files/deltia/EBDOM_DELTIO_18_09_2020.pdf
2020-09-25,DIESEL,1.204,http://www.fuelprices.gr/files/deltia/EBDOM_DELTIO_25_09_2020.pdf
2020-10-02,DIESEL,1.203,http://www.fuelprices.gr/files/deltia/EBDOM_DELTIO_02_10_2020.pdf
2020-10-09,DIESEL,1.203,http://www.fuelprices.gr/files/deltia/EBDOM_DELTIO_09_10_2020.pdf
2020-10-16,DIESEL,1.208,http://www.fuelprices.gr/files/deltia/EBDOM_DELTIO_16_10_2020.pdf
2020-10-23,DIESEL,1.217,http://www.fuelprices.gr/files/deltia/EBDOM_DELTIO_23_10_2020.pdf
2020-10-30,DIESEL,1.211,http://www.fuelprices.gr/files/deltia/EBDOM_DELTIO_30_10_2020.pdf
2020-11-06,DIESEL,1.207,http://www.fuelprices.gr/files/deltia/EBDOM_DELTIO_06_11_2020.pdf
2020-11-13,DIESEL,1.208,http://www.fuelprices.gr/files/deltia/EBDOM_DELTIO_13_11_2020.pdf
2020-11-20,DIESEL,1.21,http://www.fuelprices.gr/files/deltia/EBDOM_DELTIO_20_11_2020.pdf
2020-11-27,DIESEL,1.223,http://www.fuelprices.gr/files/deltia/EBDOM_DELTIO_27_11_2020.pdf
2020-12-04,DIESEL,1.232,http://www.fuelprices.gr/files/deltia/EBDOM_DELTIO_04_12_2020.pdf
2020-12-11,DIESEL,1.234,http://www.fuelprices.gr/files/deltia/EBDOM_DELTIO_11_12_2020.pdf
2020-12-18,DIESEL,1.25,http://www.fuelprices.gr/files/deltia/EBDOM_DELTIO_18_12_2020.pdf
2020-12-25,DIESEL,1.256,http://www.fuelprices.gr/files/deltia/EBDOM_DELTIO_25_12_2020.pdf
2020-01-03,DIESEL_HEATING,0.872,http://www.fuelprices.gr/files/deltia/EBDOM_DELTIO_03_01_2020.pdf
2020-01-10,DIESEL_HEATING,0.885,http://www.fuelprices.gr/files/deltia/EBDOM_DELTIO_10_01_2020.pdf
2020-01-17,DIESEL_HEATING,0.885,http://www.fuelprices.gr/files/deltia/EBDOM_DELTIO_17_01_2020.pdf
2020-01-24,DIESEL_HEATING,0.885,http://www.fuelprices.gr/files/deltia/EBDOM_DELTIO_24_01_2020.pdf
2020-01-31,DIESEL_HEATING,0.885,http://www.fuelprices.gr/files/deltia/EBDOM_DELTIO_31_01_2020.pdf
2020-02-07,DIESEL_HEATING,0.885,http://www.fuelprices.gr/files/deltia/EBDOM_DELTIO_07_02_2020.pdf
2020-02-14,DIESEL_HEATING,0.885,http://www.fuelprices.gr/files/deltia/EBDOM_DELTIO_14_02_2020.pdf
2020-02-21,DIESEL_HEATING,0.891,http://www.fuelprices.gr/files/deltia/EBDOM_DELTIO_21_02_2020.pdf
2020-02-28,DIESEL_HEATING,0.903,http://www.fuelprices.gr/files/deltia/EBDOM_DELTIO_28_02_2020.pdf
2020-03-06,DIESEL_HEATING,0.858,http://www.fuelprices.gr/files/deltia/EBDOM_DELTIO_06_03_2020.pdf
2020-03-13,DIESEL_HEATING,0.799,http://www.fuelprices.gr/files/deltia/EBDOM_DELTIO_13_03_2020.pdf
2020-03-20,DIESEL_HEATING,0.799,http://www.fuelprices.gr/files/deltia/EBDOM_DELTIO_20_03_2020.pdf
2020-03-27,DIESEL_HEATING,0.729,http://www.fuelprices.gr/files/deltia/EBDOM_DELTIO_27_03_2020.pdf
2020-04-03,DIESEL_HEATING,0.729,http://www.fuelprices.gr/files/deltia/EBDOM_DELTIO_03_04_2020.pdf
2020-04-10,DIESEL_HEATING,0.682,http://www.fuelprices.gr/files/deltia/EBDOM_DELTIO_10_04_2020.pdf
2020-04-17,DIESEL_HEATING,0.699,http://www.fuelprices.gr/files/deltia/EBDOM_DELTIO_17_04_2020.pdf
2020-04-24,DIESEL_HEATING,0.699,http://www.fuelprices.gr/files/deltia/EBDOM_DELTIO_24_04_2020.pdf
2020-10-16,DIESEL_HEATING,0.854,http://www.fuelprices.gr/files/deltia/EBDOM_DELTIO_16_10_2020.pdf
2020-10-23,DIESEL_HEATING,0.854,http://www.fuelprices.gr/files/deltia/EBDOM_DELTIO_23_10_2020.pdf
2020-10-30,DIESEL_HEATING,0.854,http://www.fuelprices.gr/files/deltia/EBDOM_DELTIO_30_10_2020.pdf
2020-11-20,DIESEL_HEATING,0.849,http://www.fuelprices.gr/files/deltia/EBDOM_DELTIO_20_11_2020.pdf
2020-11-27,DIESEL_HEATING,0.88,http://www.fuelprices.gr/files/deltia/EBDOM_DELTIO_27_11_2020.pdf
2020-12-18,DIESEL_HEATING,0.905,http://www.fuelprices.gr/files/deltia/EBDOM_DELTIO_18_12_2020.pdf
2020-12-25,DIESEL_HEATING,0.912,http://www.fuelprices.gr/files/deltia/EBDOM_DELTIO_25_12_2020.pdf
2020-01-03,GAS,1.147,http://www.fuelprices.gr/files/deltia/EBDOM_DELTIO_03_01_2020.pdf
2020-01-10,GAS,1.152,http://www.fuelprices.gr/files/deltia/EBDOM_DELTIO_10_01_2020.pdf
2020-01-17,GAS,1.142,http://www.fuelprices.gr/files/deltia/EBDOM_DELTIO_17_01_2020.pdf
2020-01-24,GAS,1.143,http://www.fuelprices.gr/files/deltia/EBDOM_DELTIO_24_01_2020.pdf
2020-01-31,GAS,1.1,http://www.fuelprices.gr/files/deltia/EBDOM_DELTIO_31_01_2020.pdf
2020-02-07,GAS,1.079,http://www.fuelprices.gr/files/deltia/EBDOM_DELTIO_07_02_2020.pdf
2020-02-14,GAS,1.066,http://www.fuelprices.gr/files/deltia/EBDOM_DELTIO_14_02_2020.pdf
2020-02-21,GAS,1.065,http://www.fuelprices.gr/files/deltia/EBDOM_DELTIO_21_02_2020.pdf
2020-02-28,GAS,1.052,http://www.fuelprices.gr/files/deltia/EBDOM_DELTIO_28_02_2020.pdf
2020-03-06,GAS,1.033,http://www.fuelprices.gr/files/deltia/EBDOM_DELTIO_06_03_2020.pdf
2020-03-13,GAS,0.988,http://www.fuelprices.gr/files/deltia/EBDOM_DELTIO_13_03_2020.pdf
2020-03-20,GAS,0.945,http://www.fuelprices.gr/files/deltia/EBDOM_DELTIO_20_03_2020.pdf
2020-03-27,GAS,0.912,http://www.fuelprices.gr/files/deltia/EBDOM_DELTIO_27_03_2020.pdf
2020-04-03,GAS,0.887,http://www.fuelprices.gr/files/deltia/EBDOM_DELTIO_03_04_2020.pdf
2020-04-10,GAS,0.878,http://www.fuelprices.gr/files/deltia/EBDOM_DELTIO_10_04_2020.pdf
2020-04-17,GAS,0.836,http://www.fuelprices.gr/files/deltia/EBDOM_DELTIO_17_04_2020.pdf
2020-04-24,GAS,0.818,http://www.fuelprices.gr/files/deltia/EBDOM_DELTIO_24_04_2020.pdf
2020-05-01,GAS,0.699,http://www.fuelprices.gr/files/deltia/EBDOM_DELTIO_01_05_2020.pdf
2020-05-08,GAS,0.693,http://www.fuelprices.gr/files/deltia/EBDOM_DELTIO_08_05_2020.pdf
2020-05-15,GAS,0.713,http://www.fuelprices.gr/files/deltia/EBDOM_DELTIO_15_05_2020.pdf
2020-05-22,GAS,0.713,http://www.fuelprices.gr/files/deltia/EBDOM_DELTIO_22_05_2020.pdf
2020-05-29,GAS,0.737,http://www.fuelprices.gr/files/deltia/EBDOM_DELTIO_29_05_2020.pdf
2020-06-05,GAS,0.737,http://www.fuelprices.gr/files/deltia/EBDOM_DELTIO_05_06_2020.pdf
2020-06-12,GAS,0.749,http://www.fuelprices.gr/files/deltia/EBDOM_DELTIO_12_06_2020.pdf
2020-06-19,GAS,0.759,http://www.fuelprices.gr/files/deltia/EBDOM_DELTIO_19_06_2020.pdf
2020-06-26,GAS,0.765,http://www.fuelprices.gr/files/deltia/EBDOM_DELTIO_26_06_2020.pdf
2020-07-03,GAS,0.779,http://www.fuelprices.gr/files/deltia/EBDOM_DELTIO_03_07_2020.pdf
2020-07-10,GAS,0.789,http://www.fuelprices.gr/files/deltia/EBDOM_DELTIO_10_07_2020.pdf
2020-07-17,GAS,0.768,http://www.fuelprices.gr/files/deltia/EBDOM_DELTIO_17_07_2020.pdf
2020-07-24,GAS,0.768,http://www.fuelprices.gr/files/deltia/EBDOM_DELTIO_24_07_2020.pdf
2020-08-07,GAS,0.729,http://www.fuelprices.gr/files/deltia/EBDOM_DELTIO_07_08_2020.pdf
2020-08-14,GAS,0.729,http://www.fuelprices.gr/files/deltia/EBDOM_DELTIO_14_08_2020.pdf
2020-08-21,GAS,0.729,http://www.fuelprices.gr/files/deltia/EBDOM_DELTIO_21_08_2020.pdf
2020-08-28,GAS,0.729,http://www.fuelprices.gr/files/deltia/EBDOM_DELTIO_28_08_2020.pdf
2020-09-04,GAS,0.729,http://www.fuelprices.gr/files/deltia/EBDOM_DELTIO_04_09_2020.pdf
2020-09-11,GAS,0.729,http://www.fuelprices.gr/files/deltia/EBDOM_DELTIO_11_09_2020.pdf
2020-09-18,GAS,0.749,http://www.fuelprices.gr/files/deltia/EBDOM_DELTIO_18_09_2020.pdf
2020-09-25,GAS,0.779,http://www.fuelprices.gr/files/deltia/EBDOM_DELTIO_25_09_2020.pdf
2020-10-02,GAS,0.795,http://www.fuelprices.gr/files/deltia/EBDOM_DELTIO_02_10_2020.pdf
2020-10-09,GAS,0.795,http://www.fuelprices.gr/files/deltia/EBDOM_DELTIO_09_10_2020.pdf
2020-10-16,GAS,0.795,http://www.fuelprices.gr/files/deltia/EBDOM_DELTIO_16_10_2020.pdf
2020-10-23,GAS,0.815,http://www.fuelprices.gr/files/deltia/EBDOM_DELTIO_23_10_2020.pdf
2020-10-30,GAS,0.797,http://www.fuelprices.gr/files/deltia/EBDOM_DELTIO_30_10_2020.pdf
2020-11-06,GAS,0.785,http://www.fuelprices.gr/files/deltia/EBDOM_DELTIO_06_11_2020.pdf
2020-11-13,GAS,0.785,http://www.fuelprices.gr/files/deltia/EBDOM_DELTIO_13_11_2020.pdf
2020-11-20,GAS,0.785,http://www.fuelprices.gr/files/deltia/EBDOM_DELTIO_20_11_2020.pdf
2020-11-27,GAS,0.785,http://www.fuelprices.gr/files/deltia/EBDOM_DELTIO_27_11_2020.pdf
2020-12-04,GAS,0.785,http://www.fuelprices.gr/files/deltia/EBDOM_DELTIO_04_12_2020.pdf
2020-12-11,GAS,0.825,http://www.fuelprices.gr/files/deltia/EBDOM_DELTIO_11_12_2020.pdf
2020-12-18,GAS,0.849,http://www.fuelprices.gr/files/deltia/EBDOM_DELTIO_18_12_2020.pdf
2020-12-25,GAS,0.849,http://www.fuelprices.gr/files/deltia/EBDOM_DELTIO_25_12_2020.pdf
2020-05-01,SUPER,1.109,http://www.fuelprices.gr/files/deltia/EBDOM_DELTIO_01_05_2020.pdf
2020-05-08,SUPER,1.124,http://www.fuelprices.gr/files/deltia/EBDOM_DELTIO_08_05_2020.pdf
2020-05-15,SUPER,1.141,http://www.fuelprices.gr/files/deltia/EBDOM_DELTIO_15_05_2020.pdf
2020-05-22,SUPER,1.173,http://www.fuelprices.gr/files/deltia/EBDOM_DELTIO_22_05_2020.pdf
2020-05-29,SUPER,1.181,http://www.fuelprices.gr/files/deltia/EBDOM_DELTIO_29_05_2020.pdf
2020-01-03,UNLEADED_100,1.956,http://www.fuelprices.gr/files/deltia/EBDOM_DELTIO_03_01_2020.pdf
2020-01-10,UNLEADED_100,1.96,http://www.fuelprices.gr/files/deltia/EBDOM_DELTIO_10_01_2020.pdf
2020-01-17,UNLEADED_100,1.966,http://www.fuelprices.gr/files/deltia/EBDOM_DELTIO_17_01_2020.pdf
2020-01-24,UNLEADED_100,1.995,http://www.fuelprices.gr/files/deltia/EBDOM_DELTIO_24_01_2020.pdf
2020-01-31,UNLEADED_100,1.996,http://www.fuelprices.gr/files/deltia/EBDOM_DELTIO_31_01_2020.pdf
2020-02-07,UNLEADED_100,1.961,http://www.fuelprices.gr/files/deltia/EBDOM_DELTIO_07_02_2020.pdf
2020-02-14,UNLEADED_100,1.955,http://www.fuelprices.gr/files/deltia/EBDOM_DELTIO_14_02_2020.pdf
2020-02-21,UNLEADED_100,1.955,http://www.fuelprices.gr/files/deltia/EBDOM_DELTIO_21_02_2020.pdf
2020-02-28,UNLEADED_100,1.945,http://www.fuelprices.gr/files/deltia/EBDOM_DELTIO_28_02_2020.pdf
2020-03-06,UNLEADED_100,1.939,http://www.fuelprices.gr/files/deltia/EBDOM_DELTIO_06_03_2020.pdf
2020-03-13,UNLEADED_100,1.91,http://www.fuelprices.gr/files/deltia/EBDOM_DELTIO_13_03_2020.pdf
2020-03-20,UNLEADED_100,1.91,http://www.fuelprices.gr/files/deltia/EBDOM_DELTIO_20_03_2020.pdf
2020-03-27,UNLEADED_100,1.875,http://www.fuelprices.gr/files/deltia/EBDOM_DELTIO_27_03_2020.pdf
2020-04-03,UNLEADED_100,1.873,http://www.fuelprices.gr/files/deltia/EBDOM_DELTIO_03_04_2020.pdf
2020-04-10,UNLEADED_100,1.865,http://www.fuelprices.gr/files/deltia/EBDOM_DELTIO_10_04_2020.pdf
2020-04-17,UNLEADED_100,1.868,http://www.fuelprices.gr/files/deltia/EBDOM_DELTIO_17_04_2020.pdf
2020-04-24,UNLEADED_100,1.862,http://www.fuelprices.gr/files/deltia/EBDOM_DELTIO_24_04_2020.pdf
2020-05-01,UNLEADED_100,1.81,http://www.fuelprices.gr/files/deltia/EBDOM_DELTIO_01_05_2020.pdf
2020-05-08,UNLEADED_100,1.82,http://www.fuelprices.gr/files/deltia/EBDOM_DELTIO_08_05_2020.pdf
2020-05-15,UNLEADED_100,1.828,http://www.fuelprices.gr/files/deltia/EBDOM_DELTIO_15_05_2020.pdf
2020-05-22,UNLEADED_100,1.844,http://www.fuelprices.gr/files/deltia/EBDOM_DELTIO_22_05_2020.pdf
2020-05-29,UNLEADED_100,1.844,http://www.fuelprices.gr/files/deltia/EBDOM_DELTIO_29_05_2020.pdf
2020-06-05,UNLEADED_100,1.847,http://www.fuelprices.gr/files/deltia/EBDOM_DELTIO_05_06_2020.pdf
2020-06-12,UNLEADED_100,1.851,http://www.fuelprices.gr/files/deltia/EBDOM_DELTIO_12_06_2020.pdf
2020-06-19,UNLEADED_100,1.785,http://www.fuelprices.gr/files/deltia/EBDOM_DELTIO_19_06_2020.pdf
2020-06-26,UNLEADED_100,1.749,http://www.fuelprices.gr/files/deltia/EBDOM_DELTIO_26_06_2020.pdf
2020-07-03,UNLEADED_100,1.762,http://www.fuelprices.gr/files/deltia/EBDOM_DELTIO_03_07_2020.pdf
2020-07-10,UNLEADED_100,1.783,http://www.fuelprices.gr/files/deltia/EBDOM_DELTIO_10_07_2020.pdf
2020-07-17,UNLEADED_100,1.788,http://www.fuelprices.gr/files/deltia/EBDOM_DELTIO_17_07_2020.pdf
2020-07-24,UNLEADED_100,1.761,http://www.fuelprices.gr/files/deltia/EBDOM_DELTIO_24_07_2020.pdf
2020-08-07,UNLEADED_100,1.756,http://www.fuelprices.gr/files/deltia/EBDOM_DELTIO_07_08_2020.pdf
2020-08-14,UNLEADED_100,1.743,http://www.fuelprices.gr/files/deltia/EBDOM_DELTIO_14_08_2020.pdf
2020-08-21,UNLEADED_100,1.746,http://www.fuelprices.gr/files/deltia/EBDOM_DELTIO_21_08_2020.pdf
2020-08-28,UNLEADED_100,1.789,http://www.fuelprices.gr/files/deltia/EBDOM_DELTIO_28_08_2020.pdf
2020-09-04,UNLEADED_100,1.726,http://www.fuelprices.gr/files/deltia/EBDOM_DELTIO_04_09_2020.pdf
2020-09-11,UNLEADED_100,1.7,http://www.fuelprices.gr/files/deltia/EBDOM_DELTIO_11_09_2020.pdf
2020-09-18,UNLEADED_100,1.68,http://www.fuelprices.gr/files/deltia/EBDOM_DELTIO_18_09_2020.pdf
2020-09-25,UNLEADED_100,1.746,http://www.fuelprices.gr/files/deltia/EBDOM_DELTIO_25_09_2020.pdf
2020-10-02,UNLEADED_100,1.715,http://www.fuelprices.gr/files/deltia/EBDOM_DELTIO_02_10_2020.pdf
2020-10-09,UNLEADED_100,1.715,http://www.fuelprices.gr/files/deltia/EBDOM_DELTIO_09_10_2020.pdf
2020-10-16,UNLEADED_100,1.724,http://www.fuelprices.gr/files/deltia/EBDOM_DELTIO_16_10_2020.pdf
2020-10-23,UNLEADED_100,1.685,http://www.fuelprices.gr/files/deltia/EBDOM_DELTIO_23_10_2020.pdf
2020-10-30,UNLEADED_100,1.7,http://www.fuelprices.gr/files/deltia/EBDOM_DELTIO_30_10_2020.pdf
2020-11-06,UNLEADED_100,1.729,http://www.fuelprices.gr/files/deltia/EBDOM_DELTIO_06_11_2020.pdf
2020-11-13,UNLEADED_100,1.712,http://www.fuelprices.gr/files/deltia/EBDOM_DELTIO_13_11_2020.pdf
2020-11-20,UNLEADED_100,1.718,http://www.fuelprices.gr/files/deltia/EBDOM_DELTIO_20_11_2020.pdf
2020-11-27,UNLEADED_100,1.722,http://www.fuelprices.gr/files/deltia/EBDOM_DELTIO_27_11_2020.pdf
2020-12-04,UNLEADED_100,1.709,http://www.fuelprices.gr/files/deltia/EBDOM_DELTIO_04_12_2020.pdf
2020-12-11,UNLEADED_100,1.712,http://www.fuelprices.gr/files/deltia/EBDOM_DELTIO_11_12_2020.pdf
2020-12-18,UNLEADED_100,1.764,http://www.fuelprices.gr/files/deltia/EBDOM_DELTIO_18_12_2020.pdf
2020-12-25,UNLEADED_100,1.77,http://www.fuelprices.gr/files/deltia/EBDOM_DELTIO_25_12_2020.pdf
2020-01-03,UNLEADED_95,1.708,http://www.fuelprices.gr/files/deltia/EBDOM_DELTIO_03_01_2020.pdf
2020-01-10,UNLEADED_95,1.728,http://www.fuelprices.gr/files/deltia/EBDOM_DELTIO_10_01_2020.pdf
2020-01-17,UNLEADED_95,1.727,http://www.fuelprices.gr/files/deltia/EBDOM_DELTIO_17_01_2020.pdf
2020-01-24,UNLEADED_95,1.738,http://www.fuelprices.gr/files/deltia/EBDOM_DELTIO_24_01_2020.pdf
2020-01-31,UNLEADED_95,1.708,http://www.fuelprices.gr/files/deltia/EBDOM_DELTIO_31_01_2020.pdf
2020-02-07,UNLEADED_95,1.688,http://www.fuelprices.gr/files/deltia/EBDOM_DELTIO_07_02_2020.pdf
2020-02-14,UNLEADED_95,1.684,http://www.fuelprices.gr/files/deltia/EBDOM_DELTIO_14_02_2020.pdf
2020-02-21,UNLEADED_95,1.685,http://www.fuelprices.gr/files/deltia/EBDOM_DELTIO_21_02_2020.pdf
2020-02-28,UNLEADED_95,1.686,http://www.fuelprices.gr/files/deltia/EBDOM_DELTIO_28_02_2020.pdf
2020-03-06,UNLEADED_95,1.646,http://www.fuelprices.gr/files/deltia/EBDOM_DELTIO_06_03_2020.pdf
2020-03-13,UNLEADED_95,1.592,http://www.fuelprices.gr/files/deltia/EBDOM_DELTIO_13_03_2020.pdf
2020-03-20,UNLEADED_95,1.533,http://www.fuelprices.gr/files/deltia/EBDOM_DELTIO_20_03_2020.pdf
2020-03-27,UNLEADED_95,1.464,http://www.fuelprices.gr/files/deltia/EBDOM_DELTIO_27_03_2020.pdf
2020-04-03,UNLEADED_95,1.408,http://www.fuelprices.gr/files/deltia/EBDOM_DELTIO_03_04_2020.pdf
2020-04-10,UNLEADED_95,1.406,http://www.fuelprices.gr/files/deltia/EBDOM_DELTIO_10_04_2020.pdf
2020-04-17,UNLEADED_95,1.368,http://www.fuelprices.gr/files/deltia/EBDOM_DELTIO_17_04_2020.pdf
2020-04-24,UNLEADED_95,1.366,http://www.fuelprices.gr/files/deltia/EBDOM_DELTIO_24_04_2020.pdf
2020-05-01,UNLEADED_95,1.344,http://www.fuelprices.gr/files/deltia/EBDOM_DELTIO_01_05_2020.pdf
2020-05-08,UNLEADED_95,1.361,http://www.fuelprices.gr/files/deltia/EBDOM_DELTIO_08_05_2020.pdf
2020-05-15,UNLEADED_95,1.389,http://www.fuelprices.gr/files/deltia/EBDOM_DELTIO_15_05_2020.pdf
2020-05-22,UNLEADED_95,1.421,http://www.fuelprices.gr/files/deltia/EBDOM_DELTIO_22_05_2020.pdf
2020-05-29,UNLEADED_95,1.44,http://www.fuelprices.gr/files/deltia/EBDOM_DELTIO_29_05_2020.pdf
2020-06-05,UNLEADED_95,1.44,http://www.fuelprices.gr/files/deltia/EBDOM_DELTIO_05_06_2020.pdf
2020-06-12,UNLEADED_95,1.483,http://www.fuelprices.gr/files/deltia/EBDOM_DELTIO_12_06_2020.pdf
2020-06-19,UNLEADED_95,1.488,http://www.fuelprices.gr/files/deltia/EBDOM_DELTIO_19_06_2020.pdf
2020-06-26,UNLEADED_95,1.512,http://www.fuelprices.gr/files/deltia/EBDOM_DELTIO_26_06_2020.pdf
2020-07-03,UNLEADED_95,1.509,http://www.fuelprices.gr/files/deltia/EBDOM_DELTIO_03_07_2020.pdf
2020-07-10,UNLEADED_95,1.519,http://www.fuelprices.gr/files/deltia/EBDOM_DELTIO_10_07_2020.pdf
2020-07-17,UNLEADED_95,1.51,http://www.fuelprices.gr/files/deltia/EBDOM_DELTIO_17_07_2020.pdf
2020-07-24,UNLEADED_95,1.522,http://www.fuelprices.gr/files/deltia/EBDOM_DELTIO_24_07_2020.pdf
2020-08-07,UNLEADED_95,1.502,http://www.fuelprices.gr/files/deltia/EBDOM_DELTIO_07_08_2020.pdf
2020-08-14,UNLEADED_95,1.504,http://www.fuelprices.gr/files/deltia/EBDOM_DELTIO_14_08_2020.pdf
2020-08-21,UNLEADED_95,1.523,http://www.fuelprices.gr/files/deltia/EBDOM_DELTIO_21_08_2020.pdf
2020-08-28,UNLEADED_95,1.512,http://www.fuelprices.gr/files/deltia/EBDOM_DELTIO_28_08_2020.pdf
2020-09-04,UNLEADED_95,1.506,http://www.fuelprices.gr/files/deltia/EBDOM_DELTIO_04_09_2020.pdf
2020-09-11,UNLEADED_95,1.503,http://www.fuelprices.gr/files/deltia/EBDOM_DELTIO_11_09_2020.pdf
2020-09-18,UNLEADED_95,1.504,http://www.fuelprices.gr/files/deltia/EBDOM_DELTIO_18_09_2020.pdf
2020-09-25,UNLEADED_95,1.511,http://www.fuelprices.gr/files/deltia/EBDOM_DELTIO_25_09_2020.pdf
2020-10-02,UNLEADED_95,1.506,http://www.fuelprices.gr/files/deltia/EBDOM_DELTIO_02_10_2020.pdf
2020-10-09,UNLEADED_95,1.504,http://www.fuelprices.gr/files/deltia/EBDOM_DELTIO_09_10_2020.pdf
2020-10-16,UNLEADED_95,1.513,http://www.fuelprices.gr/files/deltia/EBDOM_DELTIO_16_10_2020.pdf
2020-10-23,UNLEADED_95,1.509,http://www.fuelprices.gr/files/deltia/EBDOM_DELTIO_23_10_2020.pdf
2020-10-30,UNLEADED_95,1.504,http://www.fuelprices.gr/files/deltia/EBDOM_DELTIO_30_10_2020.pdf
2020-11-06,UNLEADED_95,1.491,http://www.fuelprices.gr/files/deltia/EBDOM_DELTIO_06_11_2020.pdf
2020-11-13,UNLEADED_95,1.494,http://www.fuelprices.gr/files/deltia/EBDOM_DELTIO_13_11_2020.pdf
2020-11-20,UNLEADED_95,1.499,http://www.fuelprices.gr/files/deltia/EBDOM_DELTIO_20_11_2020.pdf
2020-11-27,UNLEADED_95,1.499,http://www.fuelprices.gr/files/deltia/EBDOM_DELTIO_27_11_2020.pdf
2020-12-04,UNLEADED_95,1.505,http://www.fuelprices.gr/files/deltia/EBDOM_DELTIO_04_12_2020.pdf
2020-12-11,UNLEADED_95,1.505,http://www.fuelprices.gr/files/deltia/EBDOM_DELTIO_11_12_2020.pdf
2020-12-18,UNLEADED_95,1.529,http://www.fuelprices.gr/files/deltia/EBDOM_DELTIO_18_12_2020.pdf
2020-12-25,UNLEADED_95,1.528,http://www.fuelprices.gr/files/deltia/EBDOM_DELTIO_25_12_2020.pdf
